origin_code,origin_sub_district,origin_district,destination_code,destination_sub_district,destination_district,species_type,number,weekly_volume
M-JKT-051,MATRAMAN,JAKARTA TIMUR,,JATINEGARA,,BR,600,4200
M-JKT-051,MATRAMAN,JAKARTA TIMUR,,KRAMAT JATI,,BR,600,4200
M-JKT-051,MATRAMAN,JAKARTA TIMUR,,PONDOKGEDE,,BR,600,4200
M-JKT-051,MATRAMAN,JAKARTA TIMUR,,MATRAMAN,,BR,700,4900
M-JKT-066,MATRAMAN,JAKARTA TIMUR,,TANJUNG PRIOK,,BR,2000,14000
M-JKT-066,MATRAMAN,JAKARTA TIMUR,,KEBAYORAN BARU,,BR,1500,10500
M-JKT-066,MATRAMAN,JAKARTA TIMUR,,SETIA BUDI,,BR,1500,10500
M-JKT-066,MATRAMAN,JAKARTA TIMUR,,MATRAMAN,,BR,3000,21000
M-JKT-060,MATRAMAN,JAKARTA TIMUR,,MATRAMAN,,BR,1000,7000
M-JKT-060,MATRAMAN,JAKARTA TIMUR,,SUKMA JAYA,,BR,1000,7000
M-JKT-060,MATRAMAN,JAKARTA TIMUR,,SETU,,BR,1500,10500
M-JKT-060,MATRAMAN,JAKARTA TIMUR,,CIPUTAT,,BR,1500,10500
M-JKT-060,MATRAMAN,JAKARTA TIMUR,,PULO GADUNG,,BR,1000,7000
M-JKP-005,JOHAR BARU,JAKARTA PUSAT,M-JKU-030,PADEMANGAN,,BR,60,420
M-JKP-005,JOHAR BARU,JAKARTA PUSAT,M-JKS-036,KEBAYORAN LAMA,,LA,300,2100
M-JKP-005,JOHAR BARU,JAKARTA PUSAT,M-JKT-118,CIRACAS,,LA,200,1400
M-JKP-005,JOHAR BARU,JAKARTA PUSAT,M-JKT-113,KRAMAT JATI,,LA,150,1050
M-JKP-005,JOHAR BARU,JAKARTA PUSAT,M-JKP-019,SENEN,,BR,400,2800
M-JKP-005,JOHAR BARU,JAKARTA PUSAT,M-JKB-028,KEBON JERUK,,LA,120,840
M-JKP-005,JOHAR BARU,JAKARTA PUSAT,M-JKB-034,CENGKARENG,,LA,1000,7000
M-JKP-005,JOHAR BARU,JAKARTA PUSAT,M-JKB-018,TAMBORA,,LA,400,2800
M-JKP-005,JOHAR BARU,JAKARTA PUSAT,M-JKP-001,GAMBIR,,LA,60,420
M-JKP-005,JOHAR BARU,JAKARTA PUSAT,M-JKT-120,PULO GADUNG,,BR,30,210
M-JKP-005,JOHAR BARU,JAKARTA PUSAT,M-JKT-120,PULO GADUNG,,LA,20,140
M-JKP-005,JOHAR BARU,JAKARTA PUSAT,M-JKS-034,CILANDAK,,BR,300,2100
M-JKP-005,JOHAR BARU,JAKARTA PUSAT,,TANAH ABANG,,BR,200,1400
M-JKP-005,CEMPAKA PUTIH,JAKARTA PUSAT,M-JKP-003,CEMPAKA PUTIH,,BR,50,350
M-JKP-005,CEMPAKA PUTIH,JAKARTA PUSAT,M-JKP-012,JOHAR BARU,,BR,50,350
M-JKP-005,CEMPAKA PUTIH,JAKARTA PUSAT,,CEMPAKA PUTIH,,BR,30,210
M-JKP-005,CEMPAKA PUTIH,JAKARTA PUSAT,M-JKP-011,JOHAR BARU,,BR,100,700
M-JKP-005,CEMPAKA PUTIH,JAKARTA PUSAT,M-JKP-023,KEMAYORAN,,BR,100,700
M-JKP-005,CEMPAKA PUTIH,JAKARTA PUSAT,,KEMAYORAN,,BR,100,700
M-JKP-005,CEMPAKA PUTIH,JAKARTA PUSAT,,JOHAR BARU,,BR,200,1400
M-JKT-051,MATRAMAN,JAKARTA TIMUR,,TEBET,,BR,400,400
M-JKT-051,MATRAMAN,JAKARTA TIMUR,M-JKT-093,JATINEGARA,,BR,300,300
M-JKT-051,MATRAMAN,JAKARTA TIMUR,,KEMAYORAN,,BR,100,100
M-JKT-051,MATRAMAN,JAKARTA TIMUR,,MATRAMAN,,BR,300,300
M-JKT-051,MATRAMAN,JAKARTA TIMUR,,JATINEGARA,,LA,125,125
M-JKT-051,MATRAMAN,JAKARTA TIMUR,,TEBET,,LA,30,30
M-JKT-051,MATRAMAN,JAKARTA TIMUR,M-JKU-028,TANJUNG PRIOK,,LA,200,200
M-JKT-051,MATRAMAN,JAKARTA TIMUR,M-JKU-012,TANJUNG PRIOK,,LA,200,200
M-JKT-051,MATRAMAN,JAKARTA TIMUR,,MATRAMAN,,LA,45,45
M-JKT-051,MATRAMAN,JAKARTA TIMUR,M-JKT-093,JATINEGARA,,BR,700,4200
M-JKT-051,MATRAMAN,JAKARTA TIMUR,,MATRAMAN,,BR,700,4200
M-JKT-051,MATRAMAN,JAKARTA TIMUR,M-JKT-123,PULO GADUNG,,BR,600,3600
M-JKT-060,MATRAMAN,JAKARTA TIMUR,M-JKP-027,TANAH ABANG,,BR,2000,14000
M-JKT-060,MATRAMAN,JAKARTA TIMUR,M-JKP-019,SENEN,,BR,2000,14000
M-JKT-060,MATRAMAN,JAKARTA TIMUR,M-JKU-023,TANJUNG PRIOK,,BR,2000,14000
M-JKT-060,MATRAMAN,JAKARTA TIMUR,M-JKT-113,KRAMAT JATI,,BR,1500,10500
M-JKT-060,MATRAMAN,JAKARTA TIMUR,M-JKT-122,PULO GADUNG,,BR,2000,14000
M-JKT-060,MATRAMAN,JAKARTA TIMUR,M-TGR-066,PINANG,,BR,1500,10500
M-JKP-005,JOHAR BARU,JAKARTA PUSAT,M-JKP-023,KEMAYORAN,,BR,400,2800
M-JKP-005,JOHAR BARU,JAKARTA PUSAT,M-JKP-004,CEMPAKA PUTIH,,BR,350,2450
M-JKP-005,JOHAR BARU,JAKARTA PUSAT,M-JKP-003,CEMPAKA PUTIH,,LA,350,2450
M-JKP-005,JOHAR BARU,JAKARTA PUSAT,,JOHAR BARU,,BR,500,3500
M-JKP-005,JOHAR BARU,JAKARTA PUSAT,M-JKS-036,KEBAYORAN LAMA,,BR,200,1400
M-JKP-005,JOHAR BARU,JAKARTA PUSAT,,GAMBIR,,BR,200,1400
M-JKP-005,JOHAR BARU,JAKARTA PUSAT,M-JKP-011,JOHAR BARU,,BR,300,2100
M-JKP-005,JOHAR BARU,JAKARTA PUSAT,M-JKT-123,PULO GADUNG,,BR,600,4200
M-JKP-005,JOHAR BARU,JAKARTA PUSAT,M-JKU-012,TANJUNG PRIOK,,BR,100,700
M-JKP-005,JOHAR BARU,JAKARTA PUSAT,,PADEMANGAN,,BR,500,3500
M-JKP-005,JOHAR BARU,JAKARTA PUSAT,,KEMAYORAN,,BR,200,1400
M-JKP-005,JOHAR BARU,JAKARTA PUSAT,,CEMPAKA PUTIH,,BR,800,5600
M-JKT-189,MATRAMAN,JAKARTA TIMUR,,MATRAMAN,,BR,992,6944
M-JKT-189,MATRAMAN,JAKARTA TIMUR,M-JKS-022,PASAR MINGGU,,BR,500,3500
M-JKT-189,MATRAMAN,JAKARTA TIMUR,M-JKT-093,JATINEGARA,,BR,550,3850
M-JKP-005,CEMPAKA PUTIH,JAKARTA PUSAT,,,,BR,4000,28000
M-JKP-005,CEMPAKA PUTIH,JAKARTA PUSAT,,JATINEGARA,,BR,2000,14000
M-JKP-005,CEMPAKA PUTIH,JAKARTA PUSAT,,CAKUNG,,LA,200,200
M-JKP-005,CEMPAKA PUTIH,JAKARTA PUSAT,,,,LA,1500,1500
M-JKP-005,CEMPAKA PUTIH,JAKARTA PUSAT,M-JKU-030,PADEMANGAN,,LA,30,150
M-JKP-005,CEMPAKA PUTIH,JAKARTA PUSAT,,TANJUNG PRIOK,,LA,50,350
M-JKP-005,CEMPAKA PUTIH,JAKARTA PUSAT,M-JKP-012,JOHAR BARU,,LA,200,400
M-JKT-190,MATRAMAN,JAKARTA TIMUR,,TEBET,,BR,3000,21000
M-JKT-190,MATRAMAN,JAKARTA TIMUR,,JATINEGARA,,BR,400,2800
M-JKT-190,MATRAMAN,JAKARTA TIMUR,M-JKU-015,KOJA,,BR,800,5600
M-JKT-190,MATRAMAN,JAKARTA TIMUR,M-JKT-122,PULO GADUNG,,BR,800,5600
M-JKT-190,MATRAMAN,JAKARTA TIMUR,,MATRAMAN,,BR,600,4200
M-JKT-190,MATRAMAN,JAKARTA TIMUR,,DUREN SAWIT,,BR,450,3150
M-JKT-190,MATRAMAN,JAKARTA TIMUR,M-BKS-006,BEKASI TIMUR,,BR,1200,8400
M-JKT-190,MATRAMAN,JAKARTA TIMUR,M-BKS-023,BEKASI BARAT,,BR,900,6300
M-JKT-190,MATRAMAN,JAKARTA TIMUR,,MATRAMAN,,BR,3350,23450
M-JKT-060,MATRAMAN,JAKARTA TIMUR,M-JKS-027,MAMPANG PRAPATAN,,BR,2700,18900
M-JKT-060,MATRAMAN,JAKARTA TIMUR,M-JKS-002,KEBAYORAN LAMA,,BR,2500,17500
M-JKT-060,MATRAMAN,JAKARTA TIMUR,,TEBET,,BR,2500,17500
M-JKT-060,MATRAMAN,JAKARTA TIMUR,M-JKT-093,JATINEGARA,,BR,2300,16100
M-JKT-060,MATRAMAN,JAKARTA TIMUR,,MATRAMAN,,BR,2000,14000
M-JKT-051,MATRAMAN,JAKARTA TIMUR,,MATRAMAN,,BR,700,700
M-JKT-192,MATRAMAN,JAKARTA TIMUR,M-BKS-001,BEKASI BARAT,,BR,800,5600
M-JKT-192,MATRAMAN,JAKARTA TIMUR,M-JKP-023,KEMAYORAN,,BR,1500,10500
M-JKT-192,MATRAMAN,JAKARTA TIMUR,,CEMPAKA PUTIH,,BR,1700,11900
M-JKT-192,MATRAMAN,JAKARTA TIMUR,,MATRAMAN,,BR,4000,28000
,,,M-JKP-042,KEMAYORAN,,LA,50,250
,,,M-JKU-030,PADEMANGAN,,LA,30,60
,,,D-BGR-014,TANJUNG PRIOK,,LA,50,150
,,,M-JKP-012,JOHAR BARU,,LA,200,600
M-JKP-005,CEMPAKA PUTIH,JAKARTA PUSAT,M-JKP-023,KEMAYORAN,,BR,900,6300
M-JKP-005,CEMPAKA PUTIH,JAKARTA PUSAT,M-JKP-011,JOHAR BARU,,BR,500,3500
M-JKP-005,CEMPAKA PUTIH,JAKARTA PUSAT,,CEMPAKA PUTIH,JAKARTA PUSAT,BR,200,1400
M-JKP-005,CEMPAKA PUTIH,JAKARTA PUSAT,M-JKB-034,CENGKARENG,,BR,400,2800
M-JKP-005,CEMPAKA PUTIH,JAKARTA PUSAT,M-JKP-004,CEMPAKA PUTIH,JAKARTA PUSAT,BR,400,2800
M-JKP-005,CEMPAKA PUTIH,JAKARTA PUSAT,M-JKP-012,JOHAR BARU,,BR,200,1400
M-JKP-005,CEMPAKA PUTIH,JAKARTA PUSAT,M-JKP-024,KEMAYORAN,JAKARTA PUSAT,BR,400,2800
M-JKT-066,MATRAMAN,JAKARTA TIMUR,,MATRAMAN,JAKARTA TIMUR,BR,200,200
M-JKT-066,MATRAMAN,JAKARTA TIMUR,,TEBET,,BR,20,20
M-JKT-066,MATRAMAN,JAKARTA TIMUR,,TEBET,,BR,500,500
M-JKP-040,KEMAYORAN,JAKARTA PUSAT,M-JKP-023,KEMAYORAN,,BR,600,600
M-JKP-040,KEMAYORAN,JAKARTA PUSAT,M-JKP-024,KEMAYORAN,,BR,700,700
M-JKP-040,KEMAYORAN,JAKARTA PUSAT,M-JKU-029,TANJUNG PRIOK,,BR,200,200
M-JKP-040,KEMAYORAN,JAKARTA PUSAT,,KEMAYORAN,,BR,200,200
M-JKP-040,KEMAYORAN,JAKARTA PUSAT,,TANJUNG PRIOK,,BR,400,400
M-JKP-040,KEMAYORAN,JAKARTA PUSAT,,TANJUNG PRIOK,,BR,150,150
M-JKP-040,KEMAYORAN,JAKARTA PUSAT,,TANJUNG PRIOK,,BR,150,150
M-JKP-040,KEMAYORAN,JAKARTA PUSAT,,CEMPAKA PUTIH,,BR,100,100
M-TGR-094,NEGLASARI,KOTA TANGERANG,D-TGR-009,CIPONDOH,,BR,350,2450
M-TGR-094,NEGLASARI,KOTA TANGERANG,M-JKU-033,PENJARINGAN,,BR,650,4550
M-TGR-064,NEGLASARI,KOTA TANGERANG,,NEGLASARI,,BR,500,3500
M-TGR-064,NEGLASARI,KOTA TANGERANG,,PALMERAH,,BR,250,1750
M-TGR-064,NEGLASARI,KOTA TANGERANG,M-TGR-011,TANGERANG,,BR,150,1050
M-JKP-043,SENEN,JAKARTA PUSAT,,PONDOKGEDE,,BR,500,3500
M-JKP-043,SENEN,JAKARTA PUSAT,,CIKAMPEK,,BR,500,3500
M-JKP-043,SENEN,JAKARTA PUSAT,,SENEN,,BR,500,3500
D-BGR-005,PARUNG,BOGOR,,CILEDUG,,BR,1000,
M-TGR-093,NEGLASARI,KOTA TANGERANG,,NEGLASARI,,BR,800,5600
M-JKP-020,KEMAYORAN,JAKARTA PUSAT,,KEMAYORAN,,BR,500,3500
M-JKP-020,KEMAYORAN,JAKARTA PUSAT,,SENEN,,BR,500,3500
M-JKP-020,KEMAYORAN,JAKARTA PUSAT,,PALMERAH,,BR,500,3500
M-JKB-039,CENGKARENG,JAKARTA BARAT,,CENGKARENG,,BR,400,2800
M-JKP-046,SENEN,JAKARTA PUSAT,M-JKU-033,PENJARINGAN,,BR,120,120
M-TGR-062,NEGLASARI,KOTA TANGERANG,,NEGLASARI,,BR,500,3500
M-JKB-039,CENGKARENG,JAKARTA BARAT,,CENGKARENG,,BR,1200,8400
M-TGR-021,TANGERANG,KOTA TANGERANG,,TANGERANG,,BR,400,2800
M-TGR-021,TANGERANG,KOTA TANGERANG,M-TGR-010,TANGERANG,,BR,600,4200
M-TGR-021,TANGERANG,KOTA TANGERANG,M-TGR-073,TANGERANG,,BR,800,5600
M-TGR-021,TANGERANG,KOTA TANGERANG,,TANGERANG,,BR,800,5600
M-TGR-021,TANGERANG,KOTA TANGERANG,,TANGERANG,,BR,100,700
M-JKB-008,CENGKARENG,JAKARTA BARAT,,CENGKARENG,,BR,100,700
M-JKB-008,CENGKARENG,JAKARTA BARAT,,CENGKARENG,,AK,20,140
M-TGR-099,NEGLASARI,KOTA TANGERANG,,CENGKARENG,,BR,800,5600
M-TGR-099,NEGLASARI,KOTA TANGERANG,,TANGERANG,,BR,600,4200
M-TGR-099,NEGLASARI,KOTA TANGERANG,,NEGLASARI,,BR,500,3500
M-TGR-012,TANGERANG,KOTA TANGERANG,M-TGR-010,TANGERANG,,BR,200,1400
M-TGR-012,TANGERANG,KOTA TANGERANG,M-TGR-073,TANGERANG,,BR,200,1400
M-TGR-012,TANGERANG,KOTA TANGERANG,,TANGERANG,,BR,100,700
M-TGR-012,TANGERANG,KOTA TANGERANG,,TANGERANG,,BR,100,700
M-JKP-005,CEMPAKA PUTIH,JAKARTA PUSAT,,TEBET,,LA,200,1400
M-JKP-005,CEMPAKA PUTIH,JAKARTA PUSAT,M-JKS-036,KEBAYORAN LAMA,,LA,100,700
M-JKP-005,CEMPAKA PUTIH,JAKARTA PUSAT,M-JKT-113,KRAMAT JATI,,LA,350,2450
M-JKP-005,CEMPAKA PUTIH,JAKARTA PUSAT,,PANCORAN,,LA,50,350
M-JKP-005,CEMPAKA PUTIH,JAKARTA PUSAT,,CEMPAKA PUTIH,,LA,1300,9100
M-JKP-005,CEMPAKA PUTIH,JAKARTA PUSAT,,JATINEGARA,,BR,800,5600
M-JKP-005,CEMPAKA PUTIH,JAKARTA PUSAT,M-JKP-012,JOHAR BARU,,BR,400,2800
M-JKP-005,CEMPAKA PUTIH,JAKARTA PUSAT,,JOHAR BARU,,BR,450,3150
M-JKP-005,CEMPAKA PUTIH,JAKARTA PUSAT,,CEMPAKA PUTIH,,BR,150,1050
M-JKB-001,CENGKARENG,JAKARTA BARAT,,CENGKARENG,,BR,80,80
M-BGR-015,KOTA BOGOR BARAT,KOTA BOGOR,,CIOMAS,,AK,70,70
M-BGR-015,KOTA BOGOR BARAT,KOTA BOGOR,,KOTA BOGOR BARAT,,AK,5,5
M-BGR-015,KOTA BOGOR BARAT,KOTA BOGOR,,CIOMAS,,AK,10,20
D-BGR-005,PARUNG,BOGOR,,CIBINONG,,BR,1000,
M-BKS-087,RAWALUMBU,KOTA BEKASI,M-BKS-005,RAWALUMBU,,BR,900,6300
M-BKS-073,RAWALUMBU,KOTA BEKASI,M-BKS-074,RAWALUMBU,,BR,500,3500
M-BKS-073,RAWALUMBU,KOTA BEKASI,M-BKS-036,MUSTIKA JAYA,,BR,750,5250
M-BKS-073,RAWALUMBU,KOTA BEKASI,M-BKS-033,MUSTIKA JAYA,,BR,500,3500
M-BKS-073,RAWALUMBU,KOTA BEKASI,,RAWALUMBU,,BR,750,5250
M-TGR-096,NEGLASARI,KOTA TANGERANG,D-TGR-037,SEPATAN,,BR,750,5250
M-TGR-096,NEGLASARI,KOTA TANGERANG,D-TGR-090,PASARKEMIS,,BR,750,5250
M-TGR-096,NEGLASARI,KOTA TANGERANG,,SEPATAN,,BR,1500,10500
M-TGR-110,TANGERANG,KOTA TANGERANG,M-TGR-010,TANGERANG,,BR,700,4900
M-TGR-110,TANGERANG,KOTA TANGERANG,M-TGR-073,TANGERANG,,BR,300,2100
M-TGR-110,TANGERANG,KOTA TANGERANG,D-TGR-076,BALARAJA,,BR,250,1750
M-TGR-110,TANGERANG,KOTA TANGERANG,D-TGR-100,TELUKNAGA,,BR,250,1750
M-TGR-110,TANGERANG,KOTA TANGERANG,M-TGR-073,TANGERANG,,BR,300,2100
M-TGR-110,TANGERANG,KOTA TANGERANG,M-TGR-010,TANGERANG,,BR,500,3500
M-TGR-110,TANGERANG,KOTA TANGERANG,M-TGR-065,KARAWACI,,BR,200,1400
M-TGR-110,TANGERANG,KOTA TANGERANG,M-TGR-010,TANGERANG,,BR,500,3500
M-TGR-110,TANGERANG,KOTA TANGERANG,D-TGR-090,PASARKEMIS,,BR,500,3500
M-TGR-110,TANGERANG,KOTA TANGERANG,D-TGR-078,KARAWACI,,BR,500,3500
M-TGR-110,TANGERANG,KOTA TANGERANG,D-TGR-078,BALARAJA,,BR,500,3500
M-BGR-011,KOTA BOGOR SELATAN,KOTA BOGOR,M-BGR-005,KOTA BOGOR TENGAH,,AK,600,1800
M-BGR-011,KOTA BOGOR SELATAN,KOTA BOGOR,M-BGR-005,KOTA BOGOR TENGAH,,DU,500,1000
M-BGR-011,KOTA BOGOR SELATAN,KOTA BOGOR,M-BGR-005,KOTA BOGOR TENGAH,,LA,630,4410
M-BGR-011,KOTA BOGOR SELATAN,KOTA BOGOR,M-BGR-007,KOTA BOGOR SELATAN,,DU,100,200
M-JKB-054,TAMBORA,JAKARTA BARAT,M-JKU-033,PENJARINGAN,,BR,150,1050
M-JKB-054,TAMBORA,JAKARTA BARAT,M-JKB-029,GROGOL PETAMBURAN,,BR,100,700
M-JKB-054,TAMBORA,JAKARTA BARAT,M-JKB-018,TAMBORA,,BR,500,3500
M-BKS-038,BANTARGEBANG,KOTA BEKASI,,BANTARGEBANG,,BR,300,2100
M-JKB-053,TAMBORA,JAKARTA BARAT,M-JKB-018,TAMBORA,,BR,40,280
M-JKB-053,TAMBORA,JAKARTA BARAT,M-JKB-018,TAMBORA,,LA,200,1400
M-JKB-053,TAMBORA,JAKARTA BARAT,M-JKB-034,CENGKARENG,,BR,20,140
M-JKB-053,TAMBORA,JAKARTA BARAT,M-JKB-034,CENGKARENG,,LA,100,700
M-JKB-053,TAMBORA,JAKARTA BARAT,M-JKB-020,TAMBORA,,BR,40,280
M-JKB-053,TAMBORA,JAKARTA BARAT,M-JKB-020,TAMBORA,,LA,200,1400
M-TGR-110,TANGERANG,KOTA TANGERANG,,TANGERANG,,BR,100,700
M-TGR-110,TANGERANG,KOTA TANGERANG,D-TGR-034,SEPATAN,,BR,200,1400
M-TGR-110,TANGERANG,KOTA TANGERANG,M-TGR-010,TANGERANG,,BR,200,1400
M-TGR-110,TANGERANG,KOTA TANGERANG,M-TGR-073,TANGERANG,,BR,200,1400
M-TGR-110,TANGERANG,KOTA TANGERANG,,TANGERANG,,BR,1000,7000
M-TGR-110,TANGERANG,KOTA TANGERANG,D-TGR-090,PASARKEMIS,,BR,250,1750
M-TGR-110,TANGERANG,KOTA TANGERANG,,TANGERANG,,BR,250,1750
M-JKT-060,MATRAMAN,JAKARTA TIMUR,,JATINEGARA,,BR,2000,14000
M-JKT-060,MATRAMAN,JAKARTA TIMUR,,,,BR,3500,24500
M-JKT-060,MATRAMAN,JAKARTA TIMUR,,JATINEGARA,,BR,300,2100
M-JKT-060,MATRAMAN,JAKARTA TIMUR,,,,BR,300,2100
M-JKT-060,MATRAMAN,JAKARTA TIMUR,,JATINEGARA,,BR,300,2100
M-BGR-009,TANAH SEREAL,KOTA BOGOR,,TANAH SEREAL,,BR,500,3500
M-JKB-039,CENGKARENG,JAKARTA BARAT,,KARAWACI,,BR,80,400
M-JKB-039,CENGKARENG,JAKARTA BARAT,,TELUKNAGA,,BR,120,120
M-JKB-039,CENGKARENG,JAKARTA BARAT,,CENGKARENG,,BR,10,20
M-BKS-063,BEKASI TIMUR,KOTA BEKASI,M-BKS-059,BEKASI TIMUR,,BR,750,5250
M-BKS-063,BEKASI TIMUR,KOTA BEKASI,,BEKASI TIMUR,,BR,200,1400
M-BKS-038,BANTARGEBANG,KOTA BEKASI,,BANTARGEBANG,,BR,450,3150
D-BGR-230,CIAMPEA,BOGOR,D-BGR-203,CIAMPEA,,BR,100,700
M-BGR-010,KOTA BOGOR BARAT,KOTA BOGOR,,KOTA BOGOR UTARA,,BR,225,675
M-BGR-010,KOTA BOGOR BARAT,KOTA BOGOR,,KOTA BOGOR TENGAH,,BR,88,616
M-BGR-010,KOTA BOGOR BARAT,KOTA BOGOR,,CIBINONG,,BR,75,525
M-BKS-065,BEKASI TIMUR,KOTA BEKASI,M-BKS-059,BEKASI TIMUR,,BR,1000,7000
M-BKS-065,BEKASI TIMUR,KOTA BEKASI,,BEKASI TIMUR,,BR,300,2100
M-BKS-016,JATIASIH,KOTA BEKASI,,CIBITUNG,,BR,200,1400
,,,,BOJONG GEDE,,BR,50,350
,,,,BOJONG GEDE,,BR,35,35
M-BKS-088,BEKASI TIMUR,KOTA BEKASI,M-BKS-065,BEKASI TIMUR,,BR,250,1750
M-BKS-088,BEKASI TIMUR,KOTA BEKASI,M-BKS-002,MEDAN SATRIA,,BR,150,1050
M-BKS-088,BEKASI TIMUR,KOTA BEKASI,D-BKS-005,CIKARANG UTARA,,BR,100,700
M-BKS-088,BEKASI TIMUR,KOTA BEKASI,,BEKASI TIMUR,,BR,250,1750
M-BKS-040,BANTARGEBANG,KOTA BEKASI,,BANTARGEBANG,,BR,100,700
M-JKT-191,MATRAMAN,JAKARTA TIMUR,M-JKT-074,CAKUNG,,BR,450,450
M-JKT-191,MATRAMAN,JAKARTA TIMUR,M-JKS-022,PASAR MINGGU,,BR,600,600
M-JKT-191,MATRAMAN,JAKARTA TIMUR,M-JKS-027,MAMPANG PRAPATAN,,BR,1000,1000
M-JKT-191,MATRAMAN,JAKARTA TIMUR,M-JKU-019,KELAPA GADING,,BR,800,800
M-JKT-191,MATRAMAN,JAKARTA TIMUR,,MATRAMAN,,BR,450,450
M-JKT-191,MATRAMAN,JAKARTA TIMUR,,TANAH ABANG,,BR,800,800
M-JKT-191,MATRAMAN,JAKARTA TIMUR,,JATINEGARA,,BR,800,800
M-JKT-191,MATRAMAN,JAKARTA TIMUR,M-JKT-122,PULO GADUNG,,BR,300,300
M-JKT-191,MATRAMAN,JAKARTA TIMUR,,SETU,,BR,450,450
M-JKT-191,MATRAMAN,JAKARTA TIMUR,,MATRAMAN,,BR,250,250
M-BKS-016,JATIASIH,KOTA BEKASI,,JATIASIH,,BR,300,2100
M-BKS-016,JATIASIH,KOTA BEKASI,,BEKASI TIMUR,,BR,300,2100
M-BKS-016,JATIASIH,KOTA BEKASI,,JATIASIH,,BR,1100,7700
D-BGR-088,TAJURHALANG,BOGOR,D-BGR-108,BOJONG GEDE,,BR,500,3500
D-BGR-088,TAJURHALANG,BOGOR,D-BGR-107,BOJONG GEDE,,BR,200,1400
D-BGR-088,TAJURHALANG,BOGOR,,CIBINONG,,BR,2350,9400
D-BGR-088,TAJURHALANG,BOGOR,,BOJONG GEDE,,BR,1000,6000
D-BGR-088,TAJURHALANG,BOGOR,,TAJURHALANG,,BR,300,300
M-TGR-129,TANGERANG,KOTA TANGERANG,M-TGR-010,TANGERANG,,BR,600,4200
M-TGR-129,TANGERANG,KOTA TANGERANG,M-TGR-011,TANGERANG,,BR,200,1400
M-TGR-129,TANGERANG,KOTA TANGERANG,M-TGR-009,CIPONDOH,,BR,200,1400
M-TGR-015,TANGERANG,KOTA TANGERANG,D-TGR-090,PASARKEMIS,,BR,300,2100
M-TGR-015,TANGERANG,KOTA TANGERANG,M-TGR-010,TANGERANG,,BR,200,1400
M-TGR-015,TANGERANG,KOTA TANGERANG,D-TGR-059,CURUG,,BR,200,1400
M-JKB-049,GROGOL PETAMBURAN,JAKARTA BARAT,M-JKB-021,TAMBORA,,BR,25,25
M-JKB-051,GROGOL PETAMBURAN,JAKARTA BARAT,,TAMBORA,,BR,500,500
M-JKB-051,GROGOL PETAMBURAN,JAKARTA BARAT,,GROGOL PETAMBURAN,,BR,500,500
M-JKB-051,GROGOL PETAMBURAN,JAKARTA BARAT,M-JKU-018,PENJARINGAN,,BR,500,500
M-JKB-051,GROGOL PETAMBURAN,JAKARTA BARAT,,GROGOL PETAMBURAN,,BR,500,500
M-JKB-051,GROGOL PETAMBURAN,JAKARTA BARAT,,GROGOL PETAMBURAN,,BR,500,500
M-BKS-075,PONDOKGEDE,KOTA BEKASI,,PONDOKGEDE,,BR,2500,17500
M-JKB-048,GROGOL PETAMBURAN,JAKARTA BARAT,,CENGKARENG,,AK,50,50
M-JKB-048,GROGOL PETAMBURAN,JAKARTA BARAT,,GROGOL PETAMBURAN,,AK,50,50
M-JKB-048,GROGOL PETAMBURAN,JAKARTA BARAT,,KEMBANGAN,,AK,50,50
M-JKB-048,GROGOL PETAMBURAN,JAKARTA BARAT,,KEMBANGAN,,AK,50,50
D-BGR-005,PARUNG,BOGOR,,PARUNG,,BR,500,
D-BGR-005,PARUNG,BOGOR,,PARUNG,,BR,500,
D-BGR-011,GUNUNG SINDUR,BOGOR,,GUNUNG SINDUR,,AK,2,
D-BGR-092,TAJURHALANG,BOGOR,,PARUNG,,AK,20,
M-JKB-046,KEBON JERUK,JAKARTA BARAT,,CENGKARENG,,BR,30,30
M-JKB-027,KEBON JERUK,JAKARTA BARAT,,KEBON JERUK,,AK,100,100
M-JKB-027,KEBON JERUK,JAKARTA BARAT,,KEBON JERUK,,AK,60,60
M-JKB-027,KEBON JERUK,JAKARTA BARAT,,KEMBANGAN,,AK,40,40
M-JKB-027,KEBON JERUK,JAKARTA BARAT,,CILEDUG,,AK,35,35
M-JKB-026,KEBON JERUK,JAKARTA BARAT,,GROGOL PETAMBURAN,,BR,120,120
M-JKB-026,KEBON JERUK,JAKARTA BARAT,,,,BR,70,70
M-JKB-026,KEBON JERUK,JAKARTA BARAT,,KEBON JERUK,,BR,60,60
M-JKB-026,KEBON JERUK,JAKARTA BARAT,,KEBON JERUK,,BR,100,100
M-BKS-064,BEKASI TIMUR,KOTA BEKASI,,BEKASI TIMUR,,BR,450,3150
M-BKS-090,RAWALUMBU,KOTA BEKASI,M-BKS-074,RAWALUMBU,,BR,150,1050
M-BKS-090,RAWALUMBU,KOTA BEKASI,M-BKS-039,BANTARGEBANG,,BR,100,700
M-BKS-090,RAWALUMBU,KOTA BEKASI,,RAWALUMBU,,BR,450,3150
M-BKS-091,BEKASI TIMUR,KOTA BEKASI,,BEKASI TIMUR,,BR,1200,8400
M-BKS-091,BEKASI TIMUR,KOTA BEKASI,,BEKASI TIMUR,,BR,1500,10500
M-JKB-008,CENGKARENG,JAKARTA BARAT,M-JKB-020,TAMBORA,,BR,200,1400
M-JKB-008,CENGKARENG,JAKARTA BARAT,,TAMBORA,,BR,200,1400
M-JKB-008,CENGKARENG,JAKARTA BARAT,M-JKB-020,TAMBORA,,BR,300,2100
M-JKB-008,CENGKARENG,JAKARTA BARAT,M-JKB-034,CENGKARENG,,BR,150,1050
M-JKB-008,CENGKARENG,JAKARTA BARAT,M-DPK-018,TAMBORA,,BR,150,1050
M-JKB-008,CENGKARENG,JAKARTA BARAT,,SETU,,BR,100,700
M-JKB-008,CENGKARENG,JAKARTA BARAT,,CENGKARENG,,BR,100,700
M-JKB-007,CENGKARENG,JAKARTA BARAT,,GROGOL PETAMBURAN,,BR,400,2800
M-JKB-007,CENGKARENG,JAKARTA BARAT,M-JKB-034,CENGKARENG,,BR,200,1400
M-JKB-007,CENGKARENG,JAKARTA BARAT,,CENGKARENG,,BR,400,2800
M-JKB-006,CENGKARENG,JAKARTA BARAT,M-JKB-034,CENGKARENG,,BR,500,3500
M-JKB-006,CENGKARENG,JAKARTA BARAT,M-JKB-020,TAMBORA,,BR,460,3220
M-JKB-013,TAMBORA,JAKARTA BARAT,,TAMBORA,,BR,20,140
M-JKB-013,TAMBORA,JAKARTA BARAT,,TAMBORA,,BR,30,210
M-JKU-069,PENJARINGAN,JAKARTA UTARA,,TAMBORA,,BR,100,700
M-JKU-069,PENJARINGAN,JAKARTA UTARA,,TAMBORA,,BR,100,700
D-BGR-117,BOJONG GEDE,BOGOR,,CIPAYUNG,,BR,60,60
D-BGR-109,BOJONG GEDE,BOGOR,D-BGR-107,BOJONG GEDE,,BR,75,525
D-BGR-109,BOJONG GEDE,BOGOR,D-BGR-108,BOJONG GEDE,,BR,135,945
D-BGR-109,BOJONG GEDE,BOGOR,M-DPK-010,CIMANGGIS,,BR,45,315
M-BGR-014,KOTA BOGOR TENGAH,KOTA BOGOR,,KOTA BOGOR UTARA,,AK,50,50
M-BGR-014,KOTA BOGOR TENGAH,KOTA BOGOR,,KOTA BOGOR UTARA,,AK,10,40
M-BGR-014,KOTA BOGOR TENGAH,KOTA BOGOR,M-BGR-002,KOTA BOGOR TENGAH,,AK,25,175
M-BKS-098,BEKASI BARAT,KOTA BEKASI,M-BKS-022,BEKASI BARAT,,AK,,
M-BKS-098,BEKASI BARAT,KOTA BEKASI,,BEKASI BARAT,,AK,,
M-JKB-054,TAMBORA,JAKARTA BARAT,D-TGR-044,CIKUPA,,BR,50,
M-JKB-054,TAMBORA,JAKARTA BARAT,M-JKS-036,KEBAYORAN LAMA,,BR,50,
D-BGR-105,BOJONG GEDE,BOGOR,D-BGR-107,BOJONG GEDE,,BR,100,700
M-JKP-047,CEMPAKA PUTIH,JAKARTA PUSAT,M-JKP-003,CEMPAKA PUTIH,,BR,200,1400
M-JKP-047,CEMPAKA PUTIH,JAKARTA PUSAT,M-JKP-011,JOHAR BARU,,BR,400,2800
M-JKP-047,CEMPAKA PUTIH,JAKARTA PUSAT,,SENEN,,BR,400,2800
M-JKP-047,CEMPAKA PUTIH,JAKARTA PUSAT,M-JKU-029,TANJUNG PRIOK,,BR,400,2800
M-JKP-047,CEMPAKA PUTIH,JAKARTA PUSAT,M-JKP-012,JOHAR BARU,,BR,300,2100
M-JKP-047,CEMPAKA PUTIH,JAKARTA PUSAT,M-JKP-019,SENEN,,BR,600,4200
M-JKP-047,CEMPAKA PUTIH,JAKARTA PUSAT,M-JKS-034,CILANDAK,,BR,300,2100
M-JKP-047,CEMPAKA PUTIH,JAKARTA PUSAT,M-JKS-022,PASAR MINGGU,,BR,400,2800
M-BKS-086,RAWALUMBU,KOTA BEKASI,M-BKS-033,MUSTIKA JAYA,,BR,200,1400
M-BKS-089,BANTARGEBANG,KOTA BEKASI,,BANTARGEBANG,,BR,60,420
M-BKS-025,BEKASI BARAT,KOTA BEKASI,M-BKS-006,BEKASI TIMUR,,BR,100,700
M-BKS-025,BEKASI BARAT,KOTA BEKASI,M-BKS-022,BEKASI BARAT,,BR,2200,15400
M-BKS-025,BEKASI BARAT,KOTA BEKASI,M-BKS-022,BEKASI BARAT,,BR,1500,10500
,,,,BATUCEPER,,DU,10,70
M-JKS-077-1,KEBAYORAN LAMA,JAKARTA SELATAN,,PALMERAH,,BR,200,1400
M-JKS-077-1,KEBAYORAN LAMA,JAKARTA SELATAN,,KEBAYORAN LAMA,,BR,100,700
M-JKS-077-3,KEBAYORAN LAMA,JAKARTA SELATAN,,PALMERAH,,BR,500,3500
M-JKS-077-3,KEBAYORAN LAMA,JAKARTA SELATAN,,KEBAYORAN LAMA,,BR,500,3500
D-BGR-002,CISEENG,BOGOR,,CISEENG,,BR,10,70
D-BGR-206,CISEENG,BOGOR,,GROGOL PETAMBURAN,,BR,600,4200
D-BGR-206,CISEENG,BOGOR,,CILEDUG,,BR,500,3500
D-BGR-206,CISEENG,BOGOR,,PARUNG,,BR,400,2800
D-BGR-206,CISEENG,BOGOR,,PAMULANG,,BR,500,3500
D-BGR-223,CIOMAS,BOGOR,D-BGR-226,CIOMAS,,BR,30,30
D-BGR-227,CIOMAS,BOGOR,D-BGR-226,CIOMAS,,BR,30,30
D-BGR-037,CIBINONG,BOGOR,D-BGR-041,CIBINONG,,AK,20,100
D-BGR-037,CIBINONG,BOGOR,D-BGR-041,CIBINONG,,DU,10,30
D-BGR-032,CIBINONG,BOGOR,,CITEUREUP,,BR,20,100
D-BGR-021,CIBINONG,BOGOR,,JATISAMPURNA,,BR,150,1050
D-BGR-021,CIBINONG,BOGOR,,CITEUREUP,,BR,150,1050
M-TGR-074,BATUCEPER,KOTA TANGERANG,,KARAWACI,,AK,5,15
M-TGR-074,BATUCEPER,KOTA TANGERANG,,KARAWACI,,AK,10,10
M-TGR-074,BATUCEPER,KOTA TANGERANG,,KARAWACI,,DU,5,5
M-TGR-074,BATUCEPER,KOTA TANGERANG,,KARAWACI,,AK,10,70
M-TGR-074,BATUCEPER,KOTA TANGERANG,,KARAWACI,,DU,10,70
M-TGR-046,BATUCEPER,KOTA TANGERANG,,NEGLASARI,,AK,5,35
M-TGR-046,BATUCEPER,KOTA TANGERANG,,NEGLASARI,,DU,10,70
M-TGR-046,BATUCEPER,KOTA TANGERANG,,KARAWACI,,DU,10,70
M-TGR-044,BATUCEPER,KOTA TANGERANG,,JAYANTI,,BR,130,910
M-TGR-044,BATUCEPER,KOTA TANGERANG,,CIKUPA,,BR,150,1050
M-TGR-044,BATUCEPER,KOTA TANGERANG,,BALARAJA,,BR,150,1050
M-TGR-044,BATUCEPER,KOTA TANGERANG,,CIPONDOH,,BR,150,1050
M-TGR-044,BATUCEPER,KOTA TANGERANG,,BATUCEPER,,BR,150,1050
M-TGR-044,BATUCEPER,KOTA TANGERANG,,TANGERANG,,BR,150,1050
M-TGR-044,BATUCEPER,KOTA TANGERANG,,KARAWACI,,BR,145,1015
M-TGR-044,BATUCEPER,KOTA TANGERANG,,JATI UWUNG,,BR,150,1050
M-TGR-044,BATUCEPER,KOTA TANGERANG,,CIKANDE,,BR,150,1050
M-TGR-002,CIPONDOH,KOTA TANGERANG,M-TGR-010,TANGERANG,,BR,650,4550
M-TGR-002,CIPONDOH,KOTA TANGERANG,M-TGR-006,CIPONDOH,,BR,500,3500
M-TGR-002,CIPONDOH,KOTA TANGERANG,M-TGR-066,PINANG,,BR,500,3500
M-TGR-002,CIPONDOH,KOTA TANGERANG,M-TGR-053,CILEDUG,,BR,500,3500
M-TGR-002,CIPONDOH,KOTA TANGERANG,M-TGR-009,CIPONDOH,,BR,500,3500
M-TGR-002,CIPONDOH,KOTA TANGERANG,M-TGR-011,TANGERANG,,BR,500,3500
M-TGR-002,CIPONDOH,KOTA TANGERANG,M-TGR-035,KARAWACI,,BR,550,3850
M-TGR-002,CIPONDOH,KOTA TANGERANG,M-JKB-034,CENGKARENG,,BR,650,4550
M-TGR-002,CIPONDOH,KOTA TANGERANG,,KEMBANGAN,,BR,650,4550
D-BGR-048,DRAMAGA,BOGOR,,DRAMAGA,,BR,240,1680
M-JKB-054,TAMBORA,JAKARTA BARAT,,CENGKARENG,,BR,50,
M-JKB-054,TAMBORA,JAKARTA BARAT,,TAMBORA,,BR,30,
M-JKB-060,TAMAN SARI,JAKARTA BARAT,,KEMBANGAN,,AK,30,
M-JKB-060,TAMAN SARI,JAKARTA BARAT,,SAWAH BESAR,,AK,15,
M-JKB-060,TAMAN SARI,JAKARTA BARAT,M-JKP-035,TAMBORA,,AK,30,
M-TGR-081,TANGERANG,KOTA TANGERANG,,TANGERANG,,BR,2500,17500
M-TGR-081,TANGERANG,KOTA TANGERANG,,TANGERANG,,BR,6000,42000
M-JKS-024,PASAR MINGGU,JAKARTA SELATAN,M-JKS-092,PASAR MINGGU,,BR,105,105
M-JKS-024,PASAR MINGGU,JAKARTA SELATAN,M-JKS-093,PASAR MINGGU,,BR,100,100
M-JKS-024,PASAR MINGGU,JAKARTA SELATAN,M-JKS-022,PASAR MINGGU,,BR,200,200
M-TGR-104,PINANG,KOTA TANGERANG,,PINANG,,AK,1,1
M-TGR-090,CIBODAS,KOTA TANGERANG,M-TGR-042,CIBODAS,,BR,700,4900
D-BGR-211,PARUNG,BOGOR,,CISEENG,,BR,200,200
D-BGR-211,PARUNG,BOGOR,,GUNUNG SINDUR,,BR,150,150
D-BGR-206,CISEENG,BOGOR,,CILEDUG,,BR,1000,7000
D-BGR-206,CISEENG,BOGOR,,CISEENG,,BR,400,2800
M-BKS-016,JATIASIH,KOTA BEKASI,D-BGR-043,CIOMAS,,BR,500,3500
D-BGR-209,PARUNG,BOGOR,,CIRACAS,,BR,300,2100
D-BGR-209,PARUNG,BOGOR,,SAWANGAN,,BR,300,2100
D-BGR-209,PARUNG,BOGOR,,MATRAMAN,,BR,200,1400
D-BGR-209,PARUNG,BOGOR,,CISEENG,,BR,200,1400
D-BGR-214,CIBUNGBULANG,BOGOR,,CIBUNGBULANG,,BR,200,1400
D-BGR-214,CIBUNGBULANG,BOGOR,D-BGR-182,LEUWILIANG,,BR,200,1400
D-BGR-173,CIBUNGBULANG,BOGOR,D-BGR-182,LEUWILIANG,,AK,9,45
D-BGR-173,CIBUNGBULANG,BOGOR,D-BGR-182,LEUWILIANG,,DU,5,20
D-BKS-045,KEDUNGWARINGIN,BEKASI,,KEDUNGWARINGIN,,LA,250,250
M-JKS-085,PASAR MINGGU,JAKARTA SELATAN,,CIMANGGIS,,BR,500,500
M-JKS-085,PASAR MINGGU,JAKARTA SELATAN,M-JKT-113,KRAMAT JATI,,BR,2500,2500
M-JKS-085,PASAR MINGGU,JAKARTA SELATAN,M-DPK-001,PANCORAN MAS,,BR,1600,1600
M-JKS-085,PASAR MINGGU,JAKARTA SELATAN,M-JKS-023,PASAR MINGGU,,BR,4000,4000
D-BKS-065,CIKARANG UTARA,BEKASI,,CIKARANG UTARA,,AK,250,250
M-JKS-047,KEBAYORAN BARU,JAKARTA SELATAN,M-JKS-039,KEBAYORAN BARU,,BR,100,100
M-JKS-047,KEBAYORAN BARU,JAKARTA SELATAN,M-JKS-036,KEBAYORAN LAMA,,BR,150,150
M-JKS-047,KEBAYORAN BARU,JAKARTA SELATAN,M-JKS-028,KEBAYORAN BARU,,BR,200,200
M-TGR-047,CILEDUG,KOTA TANGERANG,,CILEDUG,,AK,9,63
D-BKS-020,TAMBUN SELATAN,BEKASI,M-BKS-039,BANTARGEBANG,,BR,200,600
D-BKS-020,TAMBUN SELATAN,BEKASI,M-BKS-059,BEKASI TIMUR,,BR,100,300
D-BKS-020,TAMBUN SELATAN,BEKASI,,CIBITUNG,,BR,80,240
D-BKS-020,TAMBUN SELATAN,BEKASI,,TAMBUN SELATAN,,BR,620,1860
D-BKS-048,KEDUNGWARINGIN,BEKASI,,KEDUNGWARINGIN,,BR,36,252
D-BKS-048,KEDUNGWARINGIN,BEKASI,,TAMBUN SELATAN,,BR,200,1400
D-BKS-065,CIKARANG UTARA,BEKASI,,CIKARANG UTARA,,BR,700,4900
M-JKB-060,TAMAN SARI,JAKARTA BARAT,,SAWAH BESAR,,AK,30,
D-BKS-065,CIKARANG UTARA,BEKASI,,CIKARANG UTARA,,BR,59,413
M-JKS-014,JAGAKARSA,JAKARTA SELATAN,,PASAR MINGGU,,BR,300,2100
D-BKS-025,TARUMAJAYA,BEKASI,M-JKU-025,TANJUNG PRIOK,,AK,10,70
D-BKS-032,TARUMAJAYA,BEKASI,M-JKT-087,CAKUNG,,AK,10,70
D-BKS-032,TARUMAJAYA,BEKASI,M-JKU-025,CILINCING,,DU,10,70
D-BKS-024,TARUMAJAYA,BEKASI,M-BKS-027,MEDAN SATRIA,,AK,25,175
D-BKS-024,TARUMAJAYA,BEKASI,M-BKS-027,MEDAN SATRIA,,DU,25,175
D-BKS-024,TARUMAJAYA,BEKASI,,BEKASI UTARA,,AK,25,175
D-BKS-024,TARUMAJAYA,BEKASI,,BEKASI UTARA,,DU,25,175
D-BGR-138,KELAPA NUNGGAL,BOGOR,,CILEUNGSI,,BR,250,250
D-BGR-236,CILEUNGSI,BOGOR,D-BGR-133,CILEUNGSI,,AK,50,350
M-TGR-107,PINANG,KOTA TANGERANG,,PINANG,,DU,150,1050
M-TGR-107,PINANG,KOTA TANGERANG,,PINANG,,LA,100,700
M-TGR-107,PINANG,KOTA TANGERANG,,CIPONDOH,,DU,50,350
M-TGR-107,PINANG,KOTA TANGERANG,,CIPONDOH,,LA,150,1050
D-BKS-027,TARUMAJAYA,BEKASI,M-JKU-025,CILINCING,,AK,20,140
D-BKS-031,TARUMAJAYA,BEKASI,M-JKT-087,CAKUNG,,BR,10,70
D-BKS-031,TARUMAJAYA,BEKASI,,CILINCING,,BR,10,70
D-BGR-222,LEUWISADENG,BOGOR,,LEUWISADENG,,BR,100,700
D-BGR-188,CIGUDEG,BOGOR,,CIGUDEG,,LA,10,70
D-BGR-195,JASINGA,BOGOR,D-BGR-193,JASINGA,,LA,200,600
D-BGR-195,JASINGA,BOGOR,,RANGKASBITUNG,,LA,50,50
D-BGR-195,JASINGA,BOGOR,,MUNCANG,,LA,300,900
D-BGR-195,JASINGA,BOGOR,D-TGR-104,CISOKA,,LA,50,350
D-BGR-195,JASINGA,BOGOR,D-TGR-108,TIGARAKSA,,LA,60,180
D-BGR-236,CILEUNGSI,BOGOR,D-BGR-133,CILEUNGSI,,AK,30,60
D-BGR-131,CILEUNGSI,BOGOR,,CILEUNGSI,,BR,500,3000
M-JKB-023,KALI DERES,JAKARTA BARAT,,PENJARINGAN,,BR,700,700
M-JKB-023,KALI DERES,JAKARTA BARAT,,KALI DERES,,BR,200,200
M-JKB-023,KALI DERES,JAKARTA BARAT,,TANAH ABANG,,BR,70,70
M-JKB-023,KALI DERES,JAKARTA BARAT,M-JKS-036,KEBAYORAN LAMA,,BR,1000,1000
M-JKB-023,KALI DERES,JAKARTA BARAT,,KALI DERES,,BR,1300,1300
M-JKB-023,KALI DERES,JAKARTA BARAT,,KALI DERES,,BR,700,700
M-TGR-097,NEGLASARI,KOTA TANGERANG,,NEGLASARI,,BR,214,214
M-TGR-097,NEGLASARI,KOTA TANGERANG,,NEGLASARI,,BR,214,214
D-BKS-017,CIBARUSAH,BEKASI,,CIBARUSAH,,BR,100,700
M-JKP-041,KEMAYORAN,JAKARTA PUSAT,,KEMAYORAN,,BR,3500,
M-JKS-077-5,KEBAYORAN LAMA,JAKARTA SELATAN,,TANAH ABANG,,BR,50,
M-JKS-077-5,KEBAYORAN LAMA,JAKARTA SELATAN,,TANAH ABANG,,BR,20,
,,,,RAJEG,,BR,200,1400
,,,D-TGR-090,PASARKEMIS,,BR,200,1400
,,,,RAJEG,,BR,900,6300
M-JKT-012,PULO GADUNG,JAKARTA TIMUR,,PULO GADUNG,,BR,3000,21000
M-JKT-012,PULO GADUNG,JAKARTA TIMUR,,CIKARANG PUSAT,,BR,2000,14000
M-JKT-012,PULO GADUNG,JAKARTA TIMUR,,KRAMAT JATI,,BR,2000,14000
M-JKT-137,PULO GADUNG,JAKARTA TIMUR,,PONDOKGEDE,,LA,400,2800
M-JKT-137,PULO GADUNG,JAKARTA TIMUR,,KEBAYORAN LAMA,,LA,400,2800
M-JKT-137,PULO GADUNG,JAKARTA TIMUR,,PULO GADUNG,,LA,500,3500
M-JKT-137,PULO GADUNG,JAKARTA TIMUR,,JATIASIH,,LA,250,1750
D-TGR-063,TIGARAKSA,TANGERANG,D-TGR-064,TIGARAKSA,,BR,214,214
M-JKT-012,PULO GADUNG,JAKARTA TIMUR,M-JKT-123,PULO GADUNG,,BR,400,400
M-JKT-012,PULO GADUNG,JAKARTA TIMUR,M-JKT-074,CAKUNG,,BR,300,300
M-JKT-012,PULO GADUNG,JAKARTA TIMUR,M-JKS-022,PASAR MINGGU,,BR,1000,1000
M-JKT-012,PULO GADUNG,JAKARTA TIMUR,M-JKB-034,CENGKARENG,,BR,300,300
M-JKT-012,PULO GADUNG,JAKARTA TIMUR,M-BKS-076,PONDOKGEDE,,BR,500,500
M-JKT-012,PULO GADUNG,JAKARTA TIMUR,,PULO GADUNG,,BR,2500,2500
M-JKT-137,PULO GADUNG,JAKARTA TIMUR,M-JKT-074,CAKUNG,,BR,500,500
M-JKT-137,PULO GADUNG,JAKARTA TIMUR,,PULO GADUNG,,BR,1000,1000
M-JKT-137,PULO GADUNG,JAKARTA TIMUR,M-JKT-087,CAKUNG,,BR,400,400
M-JKT-137,PULO GADUNG,JAKARTA TIMUR,M-JKT-123,PULO GADUNG,,BR,400,400
M-JKT-137,PULO GADUNG,JAKARTA TIMUR,M-BKS-022,BEKASI BARAT,,BR,300,300
M-JKT-137,PULO GADUNG,JAKARTA TIMUR,,TANJUNG PRIOK,,BR,400,400
M-JKT-012,PULO GADUNG,JAKARTA TIMUR,M-JKS-022,PASAR MINGGU,,BR,400,400
M-JKT-012,PULO GADUNG,JAKARTA TIMUR,,TANJUNG PRIOK,,BR,300,300
M-JKT-012,PULO GADUNG,JAKARTA TIMUR,M-JKT-123,PULO GADUNG,,BR,300,300
M-JKT-012,PULO GADUNG,JAKARTA TIMUR,,CAKUNG,,BR,300,300
M-JKT-012,PULO GADUNG,JAKARTA TIMUR,M-JKT-074,CAKUNG,,BR,200,200
D-BKS-059,CIBARUSAH,BEKASI,D-BKS-039,CIBARUSAH,,BR,150,1050
M-BKS-044,BEKASI SELATAN,KOTA BEKASI,M-BKS-007,BEKASI SELATAN,,BR,500,3500
M-BKS-044,BEKASI SELATAN,KOTA BEKASI,,BEKASI SELATAN,,BR,925,6475
M-BKS-051,BEKASI UTARA,KOTA BEKASI,D-BKS-008,BABELAN,,BR,1000,7000
M-BKS-051,BEKASI UTARA,KOTA BEKASI,M-JKT-074,CAKUNG,,BR,1500,10500
M-BKS-051,BEKASI UTARA,KOTA BEKASI,,BEKASI UTARA,,BR,700,4900
M-BKS-051,BEKASI UTARA,KOTA BEKASI,,BEKASI UTARA,,BR,300,2100
M-JKT-137,PULO GADUNG,JAKARTA TIMUR,,PULO GADUNG,,BR,2000,14000
M-JKT-137,PULO GADUNG,JAKARTA TIMUR,,CIKARANG PUSAT,,BR,2000,14000
M-JKT-012,PULO GADUNG,JAKARTA TIMUR,,CAKUNG,,BR,1000,7000
M-JKT-012,PULO GADUNG,JAKARTA TIMUR,,PULO GADUNG,,BR,1000,7000
M-JKT-012,PULO GADUNG,JAKARTA TIMUR,,PULO GADUNG,,BR,3000,21000
M-JKT-012,PULO GADUNG,JAKARTA TIMUR,,PONDOKGEDE,,BR,3000,21000
D-BGR-190,TENJO,BOGOR,D-BGR-192,TENJO,,LA,100,600
D-BGR-212,CISEENG,BOGOR,,PARUNG,,BR,500,3500
D-BGR-233,CILEUNGSI,BOGOR,D-BGR-128,GUNUNG PUTRI,,BR,1200,3600
D-BGR-233,CILEUNGSI,BOGOR,,GUNUNG PUTRI,,BR,100,700
M-JKS-077-5,KEBAYORAN LAMA,JAKARTA SELATAN,M-JKS-036,KEBAYORAN LAMA,,BR,30,
M-JKS-077-5,KEBAYORAN LAMA,JAKARTA SELATAN,M-JKP-028,TANAH ABANG,,BR,40,
M-JKS-077-5,KEBAYORAN LAMA,JAKARTA SELATAN,,KEBAYORAN LAMA,,BR,600,
M-JKS-097,TEBET,JAKARTA SELATAN,,TEBET,,BR,40,280
M-JKS-104,KEBAYORAN LAMA,JAKARTA SELATAN,M-JKS-039,KEBAYORAN BARU,,BR,500,
M-JKS-104,KEBAYORAN LAMA,JAKARTA SELATAN,M-JKP-028,TANAH ABANG,,BR,500,
M-JKS-104,KEBAYORAN LAMA,JAKARTA SELATAN,,TANAH ABANG,,BR,400,
M-JKS-104,KEBAYORAN LAMA,JAKARTA SELATAN,,KEBAYORAN LAMA,,BR,100,
M-JKT-012,PULO GADUNG,JAKARTA TIMUR,,CEMPAKA PUTIH,,BR,500,
M-JKT-012,PULO GADUNG,JAKARTA TIMUR,,CIKARANG PUSAT,,BR,500,
M-JKT-012,PULO GADUNG,JAKARTA TIMUR,,CAKUNG,,BR,800,
M-JKT-012,PULO GADUNG,JAKARTA TIMUR,M-JKT-021,PULO GADUNG,,BR,900,
M-JKT-012,PULO GADUNG,JAKARTA TIMUR,,PULO GADUNG,,BR,1300,
M-JKT-012,PULO GADUNG,JAKARTA TIMUR,M-JKS-022,PASAR MINGGU,,BR,1000,
M-JKT-012,PULO GADUNG,JAKARTA TIMUR,M-JKT-074,CAKUNG,,BR,1000,
M-JKT-012,PULO GADUNG,JAKARTA TIMUR,M-JKU-012,TANJUNG PRIOK,,BR,700,
M-JKT-012,PULO GADUNG,JAKARTA TIMUR,M-JKT-123,PULO GADUNG,,BR,1000,
M-JKT-012,PULO GADUNG,JAKARTA TIMUR,M-JKU-029,TANJUNG PRIOK,,BR,300,
M-JKT-012,PULO GADUNG,JAKARTA TIMUR,,PULO GADUNG,,BR,350,
M-JKT-012,PULO GADUNG,JAKARTA TIMUR,,CIKARANG PUSAT,,BR,250,
M-JKT-012,PULO GADUNG,JAKARTA TIMUR,M-JKS-022,PASAR MINGGU,,BR,100,
M-JKT-012,PULO GADUNG,JAKARTA TIMUR,,TANJUNG PRIOK,,BR,300,
M-JKT-012,PULO GADUNG,JAKARTA TIMUR,M-JKT-021,PULO GADUNG,,BR,200,
M-JKT-012,PULO GADUNG,JAKARTA TIMUR,,PULO GADUNG,,BR,1500,
M-JKT-012,PULO GADUNG,JAKARTA TIMUR,M-JKT-123,PULO GADUNG,,BR,300,
M-JKT-012,PULO GADUNG,JAKARTA TIMUR,,CAKUNG,,BR,200,
M-JKT-012,PULO GADUNG,JAKARTA TIMUR,,CAKUNG,,BR,700,
D-TGR-060,LEGOK,TANGERANG,D-TGR-059,CURUG,,BR,200,1400
D-TGR-060,LEGOK,TANGERANG,D-TGR-030,KELAPA DUA,,BR,700,4900
D-TGR-060,LEGOK,TANGERANG,,LEGOK,,BR,100,700
D-TGR-029,KELAPA DUA,TANGERANG,D-TGR-030,KELAPA DUA,,BR,400,2800
D-TGR-029,KELAPA DUA,TANGERANG,,KELAPA DUA,,BR,75,525
D-BGR-197,CISARUA,BOGOR,,CISARUA,,BR,25,175
M-JKT-137,PULO GADUNG,JAKARTA TIMUR,,PULO GADUNG,,BR,1000,7000
M-JKT-137,PULO GADUNG,JAKARTA TIMUR,,CENGKARENG,,BR,400,2800
M-JKT-137,PULO GADUNG,JAKARTA TIMUR,,CIKARANG PUSAT,,BR,400,2800
M-JKT-012,PULO GADUNG,JAKARTA TIMUR,D-BKS-005,CIKARANG UTARA,,BR,700,700
M-JKT-012,PULO GADUNG,JAKARTA TIMUR,M-JKS-022,PASAR MINGGU,,BR,300,300
M-JKT-012,PULO GADUNG,JAKARTA TIMUR,M-JKT-123,PULO GADUNG,,BR,500,500
M-JKT-012,PULO GADUNG,JAKARTA TIMUR,,PULO GADUNG,,BR,3000,21000
M-JKT-012,PULO GADUNG,JAKARTA TIMUR,,TANJUNG PRIOK,,BR,1000,7000
M-JKT-012,PULO GADUNG,JAKARTA TIMUR,,KRAMAT JATI,,BR,1000,7000
M-JKT-012,PULO GADUNG,JAKARTA TIMUR,M-JKT-123,PULO GADUNG,,BR,400,400
M-JKT-012,PULO GADUNG,JAKARTA TIMUR,D-BKS-005,CIKARANG UTARA,,BR,800,800
M-JKT-012,PULO GADUNG,JAKARTA TIMUR,M-JKS-002,PASAR MINGGU,,BR,300,300
M-JKT-012,PULO GADUNG,JAKARTA TIMUR,,PULO GADUNG,,BR,2500,17500
M-JKT-012,PULO GADUNG,JAKARTA TIMUR,,CAKUNG,,BR,2000,14000
M-JKT-012,PULO GADUNG,JAKARTA TIMUR,,PASAR REBO,,BR,400,400
M-JKT-012,PULO GADUNG,JAKARTA TIMUR,M-JKS-022,PASAR MINGGU,,BR,300,300
M-JKT-012,PULO GADUNG,JAKARTA TIMUR,M-JKT-074,CAKUNG,,BR,400,400
M-JKT-012,PULO GADUNG,JAKARTA TIMUR,M-JKU-030,PADEMANGAN,,BR,300,300
M-JKT-012,PULO GADUNG,JAKARTA TIMUR,M-JKU-032,PADEMANGAN,,BR,300,300
M-JKT-012,PULO GADUNG,JAKARTA TIMUR,M-JKT-123,PULO GADUNG,,BR,300,300
D-BGR-078,SUKAMAKMUR,BOGOR,D-BGR-237,CILEUNGSI,,AK,35,35
D-BGR-063,TANJUNGSARI,BOGOR,,CARIU,,AK,20,40
M-JKT-012,PULO GADUNG,JAKARTA TIMUR,,TANJUNG PRIOK,,BR,1000,1000
M-JKT-012,PULO GADUNG,JAKARTA TIMUR,,CAKUNG,,BR,1000,1000
M-JKT-012,PULO GADUNG,JAKARTA TIMUR,,PULO GADUNG,,BR,3000,3000
M-JKT-012,PULO GADUNG,JAKARTA TIMUR,M-JKS-022,PASAR MINGGU,,BR,1000,1000
M-JKT-012,PULO GADUNG,JAKARTA TIMUR,,TANJUNG PRIOK,,BR,1000,1000
M-JKT-012,PULO GADUNG,JAKARTA TIMUR,,TAMBUN SELATAN,,BR,1000,1000
D-BGR-049,CIAMPEA,BOGOR,,CIAMPEA,,AK,15,105
D-BGR-049,CIAMPEA,BOGOR,,CIAMPEA,,DU,10,70
M-JKT-012,PULO GADUNG,JAKARTA TIMUR,,PULO GADUNG,,BR,1000,
M-JKT-012,PULO GADUNG,JAKARTA TIMUR,,BEKASI BARAT,,BR,700,
M-JKT-012,PULO GADUNG,JAKARTA TIMUR,,TANJUNG PRIOK,,BR,600,
M-JKT-012,PULO GADUNG,JAKARTA TIMUR,,KARAWANG BARAT,,BR,500,
M-JKT-012,PULO GADUNG,JAKARTA TIMUR,D-BGR-133,CILEUNGSI,,BR,500,
M-JKT-012,PULO GADUNG,JAKARTA TIMUR,M-JKT-123,PULO GADUNG,,BR,300,
M-JKT-012,PULO GADUNG,JAKARTA TIMUR,M-JKT-074,CAKUNG,,BR,300,
D-BGR-197,CISARUA,BOGOR,,CISARUA,,AK,1,7
D-BGR-197,CISARUA,BOGOR,,CISARUA,,LA,5,35
D-BGR-066,TANJUNGSARI,BOGOR,D-BGR-064,TANJUNGSARI,,AK,15,105
D-BGR-064,TANJUNGSARI,BOGOR,D-BGR-051,JONGGOL,,AK,90,630
D-BGR-064,TANJUNGSARI,BOGOR,,TANJUNGSARI,,AK,10,70
M-JKT-012,PULO GADUNG,JAKARTA TIMUR,,PULO GADUNG,,BR,1000,7000
M-JKT-012,PULO GADUNG,JAKARTA TIMUR,,KRAMAT JATI,,BR,1000,7000
M-JKT-012,PULO GADUNG,JAKARTA TIMUR,,PULO GADUNG,,BR,800,5600
M-JKT-012,PULO GADUNG,JAKARTA TIMUR,,KRAMAT JATI,,BR,500,3500
M-JKT-137,PULO GADUNG,JAKARTA TIMUR,,PULO GADUNG,,BR,2000,14000
M-JKT-137,PULO GADUNG,JAKARTA TIMUR,,CEMPAKA PUTIH,,BR,1000,7000
M-JKT-137,PULO GADUNG,JAKARTA TIMUR,,PULO GADUNG,,BR,1500,10500
M-JKT-137,PULO GADUNG,JAKARTA TIMUR,,CIKARANG BARAT,,BR,500,3500
M-JKT-137,PULO GADUNG,JAKARTA TIMUR,,CIBINONG,,LA,400,400
M-JKT-137,PULO GADUNG,JAKARTA TIMUR,M-JKT-019,DUREN SAWIT,,LA,100,100
M-JKT-137,PULO GADUNG,JAKARTA TIMUR,M-JKT-123,PULO GADUNG,,LA,200,200
M-JKT-137,PULO GADUNG,JAKARTA TIMUR,,TANJUNG PRIOK,,LA,100,100
D-TGR-006,TELUKNAGA,TANGERANG,,TELUKNAGA,,AK,15,105
D-TGR-006,TELUKNAGA,TANGERANG,,TELUKNAGA,,DU,20,140
D-TGR-002,TELUKNAGA,TANGERANG,,KALI DERES,,AK,35,245
D-TGR-002,TELUKNAGA,TANGERANG,,BATUCEPER,,AK,15,105
D-TGR-002,TELUKNAGA,TANGERANG,,TELUKNAGA,,AK,30,210
D-TGR-213,TELUKNAGA,TANGERANG,,TELUKNAGA,,BR,50,350
D-TGR-214,TELUKNAGA,TANGERANG,,TELUKNAGA,,BR,150,1050
M-JKT-137,PULO GADUNG,JAKARTA TIMUR,M-JKU-010,CILINCING,,BR,600,600
M-JKT-137,PULO GADUNG,JAKARTA TIMUR,,PULO GADUNG,,BR,150,150
M-JKT-137,PULO GADUNG,JAKARTA TIMUR,M-JKU-010,CILINCING,,BR,600,600
M-JKT-137,PULO GADUNG,JAKARTA TIMUR,,PULO GADUNG,,BR,150,150
M-JKT-137,PULO GADUNG,JAKARTA TIMUR,,PENJARINGAN,,AK,250,250
M-JKT-137,PULO GADUNG,JAKARTA TIMUR,M-JKT-074,CAKUNG,,AK,30,30
M-JKT-137,PULO GADUNG,JAKARTA TIMUR,,PENJARINGAN,,AK,250,250
M-JKT-137,PULO GADUNG,JAKARTA TIMUR,,TANJUNG PRIOK,,AK,40,40
M-JKT-137,PULO GADUNG,JAKARTA TIMUR,M-JKU-019,KELAPA GADING,,AK,40,40
M-JKT-137,PULO GADUNG,JAKARTA TIMUR,M-JKT-019,DUREN SAWIT,,AK,40,40
D-TGR-023,RAJEG,TANGERANG,,RAJEG,,BR,50,50
D-TGR-023,RAJEG,TANGERANG,,RAJEG,,BR,30,210
D-TGR-002,TELUKNAGA,TANGERANG,,TELUKNAGA,,AK,30,210
D-TGR-002,TELUKNAGA,TANGERANG,,KELAPA DUA,,AK,30,90
D-TGR-002,TELUKNAGA,TANGERANG,,TELUKNAGA,,AK,15,105
D-TGR-002,TELUKNAGA,TANGERANG,M-TGR-035,KARAWACI,,AK,20,80
D-TGR-002,TELUKNAGA,TANGERANG,,NEGLASARI,,AK,20,80
D-TGR-002,TELUKNAGA,TANGERANG,,TELUKNAGA,,AK,10,70
D-TGR-022,RAJEG,TANGERANG,,RAJEG,,BR,200,1400
D-TGR-022,RAJEG,TANGERANG,D-TGR-090,PASARKEMIS,,BR,200,1400
D-TGR-022,RAJEG,TANGERANG,,RAJEG,,BR,900,6300
M-TGR-074,BATUCEPER,KOTA TANGERANG,M-TGR-075,BATUCEPER,,DU,10,70
M-TGR-074,BATUCEPER,KOTA TANGERANG,M-TGR-075,BATUCEPER,,DU,10,70
M-JKT-137,PULO GADUNG,JAKARTA TIMUR,,PULO GADUNG,,BR,1000,1000
M-JKT-137,PULO GADUNG,JAKARTA TIMUR,M-JKT-123,PULO GADUNG,,BR,50,50
M-JKT-137,PULO GADUNG,JAKARTA TIMUR,,PONDOKGEDE,,BR,300,300
M-JKT-137,PULO GADUNG,JAKARTA TIMUR,,PULO GADUNG,,BR,150,150
M-JKT-137,PULO GADUNG,JAKARTA TIMUR,M-JKT-019,DUREN SAWIT,,BR,1000,1000
M-JKT-137,PULO GADUNG,JAKARTA TIMUR,,PULO GADUNG,,BR,1500,1500
M-JKT-137,PULO GADUNG,JAKARTA TIMUR,M-JKT-123,PULO GADUNG,,BR,500,500
M-JKT-137,PULO GADUNG,JAKARTA TIMUR,M-JKT-019,DUREN SAWIT,,BR,100,100
M-JKT-137,PULO GADUNG,JAKARTA TIMUR,M-JKT-123,PULO GADUNG,,BR,200,200
M-JKT-137,PULO GADUNG,JAKARTA TIMUR,,TANJUNG PRIOK,,BR,200,200
M-JKT-012,PULO GADUNG,JAKARTA TIMUR,,CIKARANG PUSAT,,BR,300,
M-JKT-012,PULO GADUNG,JAKARTA TIMUR,M-JKS-022,PASAR MINGGU,,BR,100,
M-JKT-012,PULO GADUNG,JAKARTA TIMUR,M-JKT-123,PULO GADUNG,,BR,500,
M-JKT-012,PULO GADUNG,JAKARTA TIMUR,M-JKT-074,CAKUNG,,BR,800,
M-JKT-012,PULO GADUNG,JAKARTA TIMUR,,TANAH ABANG,,BR,700,
M-JKT-012,PULO GADUNG,JAKARTA TIMUR,,CIKARANG PUSAT,,BR,300,
M-JKT-012,PULO GADUNG,JAKARTA TIMUR,D-BGR-133,CILEUNGSI,,BR,300,
M-JKT-012,PULO GADUNG,JAKARTA TIMUR,,KARAWANG BARAT,,BR,400,
M-JKT-137,PULO GADUNG,JAKARTA TIMUR,,PULO GADUNG,,AK,150,1050
M-JKT-137,PULO GADUNG,JAKARTA TIMUR,,KRAMAT JATI,,AK,150,1050
M-JKT-137,PULO GADUNG,JAKARTA TIMUR,,CENGKARENG,,AK,100,700
M-JKT-137,PULO GADUNG,JAKARTA TIMUR,,PULO GADUNG,,AK,150,1050
M-JKT-137,PULO GADUNG,JAKARTA TIMUR,,CIPAYUNG,,AK,50,350
D-BGR-070,TANJUNGSARI,BOGOR,D-BGR-069,TANJUNGSARI,,BR,200,1400
D-TGR-040,SEPATAN,TANGERANG,,SEPATAN,,DU,10,60
D-TGR-040,SEPATAN,TANGERANG,,CURUG,,DU,5,35
D-TGR-036,SEPATAN,TANGERANG,D-TGR-034,SEPATAN,,BR,600,4200
D-TGR-036,SEPATAN,TANGERANG,,SEPATAN,,BR,400,2800
D-TGR-061,LEGOK,TANGERANG,D-TGR-059,CURUG,,BR,200,1400
D-TGR-061,LEGOK,TANGERANG,D-BGR-189,PARUNG PANJANG,,BR,50,350
D-TGR-061,LEGOK,TANGERANG,D-TGR-044,CIKUPA,,BR,100,700
D-TGR-218,LEGOK,TANGERANG,M-TGR-065,KARAWACI,,BR,500,3500
D-TGR-218,LEGOK,TANGERANG,D-TGR-059,CURUG,,BR,60,420
D-TGR-218,LEGOK,TANGERANG,,LEGOK,,BR,10,70
D-BGR-098,TAJURHALANG,BOGOR,D-BGR-003,PARUNG,,LA,6,6
D-BGR-098,TAJURHALANG,BOGOR,,TAJURHALANG,,BR,5,5
D-BGR-098,TAJURHALANG,BOGOR,,TAJURHALANG,,AK,10,10
D-BGR-098,TAJURHALANG,BOGOR,,TAJURHALANG,,BR,5,5
D-BGR-098,TAJURHALANG,BOGOR,,TAJURHALANG,,AK,10,10
D-TGR-038,SEPATAN,TANGERANG,M-JKB-034,CENGKARENG,,DU,200,1400
D-TGR-038,SEPATAN,TANGERANG,M-JKS-022,PASAR MINGGU,,DU,50,350
D-TGR-038,SEPATAN,TANGERANG,,JATI UWUNG,,DU,400,2800
D-TGR-212,SEPATAN,TANGERANG,M-JKS-022,PASAR MINGGU,,DU,500,500
D-TGR-212,SEPATAN,TANGERANG,M-JKB-034,CENGKARENG,,DU,400,2800
D-TGR-212,SEPATAN,TANGERANG,,PINANG,,DU,150,1050
D-TGR-212,SEPATAN,TANGERANG,,SEPATAN,,DU,500,500
D-TGR-212,SEPATAN,TANGERANG,,CIPONDOH,,DU,500,500
D-TGR-210,SEPATAN,TANGERANG,,SEPATAN,,LA,300,300
D-TGR-210,SEPATAN,TANGERANG,,PAKUHAJI,,LA,100,100
D-TGR-210,SEPATAN,TANGERANG,,JATI UWUNG,,LA,100,100
D-TGR-210,SEPATAN,TANGERANG,,PASARKEMIS,,LA,100,100
D-TGR-210,SEPATAN,TANGERANG,D-TGR-210,SEPATAN,,LA,38,38
D-BGR-058,CARIU,BOGOR,,CARIU,,BR,300,2100
D-BGR-079,SUKAMAKMUR,BOGOR,,BEJI,,AK,60,420
M-JKT-137,PULO GADUNG,JAKARTA TIMUR,,PULO GADUNG,,AK,400,2800
M-JKT-137,PULO GADUNG,JAKARTA TIMUR,,TANJUNG PRIOK,,AK,275,1925
M-JKT-137,PULO GADUNG,JAKARTA TIMUR,M-JKT-019,DUREN SAWIT,,AK,50,50
M-JKT-137,PULO GADUNG,JAKARTA TIMUR,,TANJUNG PRIOK,,AK,75,75
M-JKT-137,PULO GADUNG,JAKARTA TIMUR,,PENJARINGAN,,AK,100,100
D-TGR-205,KEMIRI,TANGERANG,,KEMIRI,,BR,10,70
D-TGR-205,KEMIRI,TANGERANG,,RAJEG,,BR,100,700
D-TGR-205,KEMIRI,TANGERANG,,MAUK,,BR,165,1155
D-TGR-205,KEMIRI,TANGERANG,,KEMIRI,,BR,85,595
D-TGR-067,KEMIRI,TANGERANG,,PERIUK,,AK,10,70
D-TGR-067,KEMIRI,TANGERANG,,PERIUK,,DU,15,105
M-JKT-137,PULO GADUNG,JAKARTA TIMUR,,PULO GADUNG,,AK,100,700
M-JKT-137,PULO GADUNG,JAKARTA TIMUR,,TANJUNG PRIOK,,AK,50,350
D-BKS-044,KEDUNGWARINGIN,BEKASI,D-BKS-005,CIKARANG UTARA,,BR,2500,17500
D-BKS-044,KEDUNGWARINGIN,BEKASI,,CIKARANG UTARA,,BR,1000,7000
M-JKT-137,PULO GADUNG,JAKARTA TIMUR,,PENJARINGAN,,AK,100,100
M-JKT-137,PULO GADUNG,JAKARTA TIMUR,,PENJARINGAN,,AK,75,75
M-JKT-137,PULO GADUNG,JAKARTA TIMUR,M-JKT-019,DUREN SAWIT,,AK,50,50
M-JKT-137,PULO GADUNG,JAKARTA TIMUR,,PENJARINGAN,,AK,600,600
M-JKT-137,PULO GADUNG,JAKARTA TIMUR,M-JKT-019,DUREN SAWIT,,AK,300,300
M-JKT-137,PULO GADUNG,JAKARTA TIMUR,,KELAPA GADING,,AK,500,500
M-JKT-137,PULO GADUNG,JAKARTA TIMUR,M-JKT-074,CAKUNG,,AK,500,500
M-JKT-137,PULO GADUNG,JAKARTA TIMUR,,TANJUNG PRIOK,,AK,500,500
D-TGR-056,KOSAMBI,TANGERANG,,KOSAMBI,,BR,300,2100
D-TGR-055,KOSAMBI,TANGERANG,,KOSAMBI,,BR,50,350
M-JKT-012,PULO GADUNG,JAKARTA TIMUR,,PULO GADUNG,,BR,3000,21000
M-JKT-012,PULO GADUNG,JAKARTA TIMUR,,CAKUNG,,BR,2000,14000
M-JKT-012,PULO GADUNG,JAKARTA TIMUR,,PULO GADUNG,,BR,1000,7000
M-JKT-012,PULO GADUNG,JAKARTA TIMUR,,CAKUNG,,BR,1000,7000
M-JKT-012,PULO GADUNG,JAKARTA TIMUR,,KRAMAT JATI,,BR,1000,7000
D-BGR-006,KEMANG,BOGOR,,KEMANG,,BR,100,700
D-TGR-068,KEMIRI,TANGERANG,M-TGR-035,KARAWACI,,AK,5,35
D-TGR-068,KEMIRI,TANGERANG,M-TGR-035,KARAWACI,,DU,6,42
D-TGR-070,KEMIRI,TANGERANG,,SEPATAN,,AK,10,50
D-TGR-070,KEMIRI,TANGERANG,,SEPATAN,,DU,5,25
M-JKT-012,PULO GADUNG,JAKARTA TIMUR,,BEKASI BARAT,,BR,600,
M-JKT-012,PULO GADUNG,JAKARTA TIMUR,,CAKUNG,,BR,700,
M-JKT-012,PULO GADUNG,JAKARTA TIMUR,,TANJUNG PRIOK,,BR,500,
M-JKT-012,PULO GADUNG,JAKARTA TIMUR,,PULO GADUNG,,BR,1500,
D-TGR-217,MAUK,TANGERANG,D-TGR-034,SEPATAN,,BR,350,2450
D-TGR-217,MAUK,TANGERANG,,SUKADIRI,,BR,50,350
M-JKT-012,PULO GADUNG,JAKARTA TIMUR,,CIKARANG PUSAT,,BR,200,
M-JKT-012,PULO GADUNG,JAKARTA TIMUR,M-JKT-074,CAKUNG,,BR,100,
M-JKT-012,PULO GADUNG,JAKARTA TIMUR,,PULO GADUNG,,BR,100,
M-JKT-012,PULO GADUNG,JAKARTA TIMUR,M-JKT-123,PULO GADUNG,,BR,400,
M-JKT-012,PULO GADUNG,JAKARTA TIMUR,M-JKT-074,CAKUNG,,BR,300,
M-JKT-012,PULO GADUNG,JAKARTA TIMUR,,CAKUNG,,BR,200,
M-JKT-012,PULO GADUNG,JAKARTA TIMUR,,PULO GADUNG,,BR,600,
D-BKS-050,KEDUNGWARINGIN,BEKASI,D-BKS-005,CIKARANG UTARA,,BR,1500,10500
M-JKT-137,PULO GADUNG,JAKARTA TIMUR,M-JKT-074,CAKUNG,,BR,500,500
M-JKT-137,PULO GADUNG,JAKARTA TIMUR,M-JKT-123,PULO GADUNG,,BR,500,500
M-JKT-137,PULO GADUNG,JAKARTA TIMUR,,PULO GADUNG,,BR,1000,1000
M-JKT-137,PULO GADUNG,JAKARTA TIMUR,,TANJUNG PRIOK,,BR,500,500
M-JKT-137,PULO GADUNG,JAKARTA TIMUR,M-BKS-059,BEKASI TIMUR,,BR,500,500
D-BKS-052,KEDUNGWARINGIN,BEKASI,,KEDUNGWARINGIN,,LA,23,161
D-BKS-062,KARANGBAHAGIA,BEKASI,D-BKS-034,CIKARANG SELATAN,,BR,500,3500
D-BKS-062,KARANGBAHAGIA,BEKASI,D-BKS-005,CIKARANG UTARA,,BR,400,2800
D-BKS-062,KARANGBAHAGIA,BEKASI,,CIBITUNG,,BR,150,1050
D-BKS-062,KARANGBAHAGIA,BEKASI,,KEDUNGWARINGIN,,BR,150,1050
D-BGR-220,NANGGUNG,BOGOR,,NANGGUNG,,BR,5,35
D-BGR-206,CISEENG,BOGOR,,CISEENG,,BR,80,240
D-TGR-009,CIPUTAT,KOTA TANGERANG SELATAN,,CIPUTAT,,BR,3,21
D-TGR-009,CIPUTAT,KOTA TANGERANG SELATAN,,CIPUTAT,,AK,2,14
D-BGR-236,JONGGOL,BOGOR,,JONGGOL,,BR,370,2590
D-BGR-236,JONGGOL,BOGOR,,CIBARUSAH,,BR,60,420
M-JKT-001,PULO GADUNG,JAKARTA TIMUR,M-JKS-036,KEBAYORAN LAMA,,LA,100,100
M-JKT-001,PULO GADUNG,JAKARTA TIMUR,M-JKT-113,KRAMAT JATI,,LA,300,300
M-JKT-001,PULO GADUNG,JAKARTA TIMUR,M-BKS-076,PONDOKGEDE,,LA,100,100
M-JKT-001,PULO GADUNG,JAKARTA TIMUR,,DUREN SAWIT,,LA,100,100
M-JKT-012,PULO GADUNG,JAKARTA TIMUR,M-JKT-074,CAKUNG,,BR,700,
M-JKT-012,PULO GADUNG,JAKARTA TIMUR,,CAKUNG,,BR,500,
M-JKT-012,PULO GADUNG,JAKARTA TIMUR,M-JKT-123,PULO GADUNG,,BR,500,
D-BGR-052,JONGGOL,BOGOR,D-BGR-051,JONGGOL,,BR,225,1575
M-JKT-001,PULO GADUNG,JAKARTA TIMUR,M-JKT-113,KRAMAT JATI,,LA,400,400
M-JKT-001,PULO GADUNG,JAKARTA TIMUR,,TEBET,,LA,300,300
M-JKT-001,PULO GADUNG,JAKARTA TIMUR,M-BKS-076,PONDOKGEDE,,LA,100,100
M-JKT-001,PULO GADUNG,JAKARTA TIMUR,M-JKT-123,PULO GADUNG,,LA,200,200
M-JKT-012,PULO GADUNG,JAKARTA TIMUR,,PULO GADUNG,,BR,100,
M-JKT-012,PULO GADUNG,JAKARTA TIMUR,M-JKT-123,PULO GADUNG,,BR,600,
M-JKT-012,PULO GADUNG,JAKARTA TIMUR,,CAKUNG,,BR,500,
M-JKT-012,PULO GADUNG,JAKARTA TIMUR,M-JKT-074,CAKUNG,,BR,400,
M-JKT-012,PULO GADUNG,JAKARTA TIMUR,,PULO GADUNG,,BR,500,
M-JKT-066,MATRAMAN,JAKARTA TIMUR,M-JKU-024,KELAPA GADING,,BR,300,
M-JKT-066,MATRAMAN,JAKARTA TIMUR,,TEBET,,BR,600,
M-JKT-066,MATRAMAN,JAKARTA TIMUR,,MATRAMAN,,BR,200,
M-JKT-066,MATRAMAN,JAKARTA TIMUR,,MATRAMAN,,BR,500,
M-JKT-066,MATRAMAN,JAKARTA TIMUR,M-JKT-122,PULO GADUNG,,BR,500,
M-JKT-066,MATRAMAN,JAKARTA TIMUR,,MATRAMAN,,BR,200,
M-JKT-087,CAKUNG,JAKARTA TIMUR,,CAKUNG,,BR,700,
M-JKT-087,CAKUNG,JAKARTA TIMUR,,TAMBUN SELATAN,,BR,700,
M-JKT-087,CAKUNG,JAKARTA TIMUR,,BEKASI BARAT,,BR,300,
M-JKT-087,CAKUNG,JAKARTA TIMUR,M-BKS-078,BEKASI UTARA,,BR,300,
M-JKT-087,CAKUNG,JAKARTA TIMUR,,CAKUNG,,BR,1000,
M-JKT-087,CAKUNG,JAKARTA TIMUR,,CAKUNG,,BR,800,
M-JKT-001,PULO GADUNG,JAKARTA TIMUR,,TANJUNG PRIOK,,BR,4800,4800
M-JKT-001,PULO GADUNG,JAKARTA TIMUR,M-JKT-122,PULO GADUNG,,BR,1200,1200
M-JKT-001,PULO GADUNG,JAKARTA TIMUR,M-JKT-113,KRAMAT JATI,,BR,200,200
M-JKT-001,PULO GADUNG,JAKARTA TIMUR,,KEMAYORAN,,BR,800,800
D-BGR-057,CARIU,BOGOR,M-DPK-015,BEJI,,AK,15,105
D-BGR-057,CARIU,BOGOR,M-DPK-015,BEJI,,DU,35,245
M-JKT-001,PULO GADUNG,JAKARTA TIMUR,M-JKS-036,KEBAYORAN LAMA,,LA,300,300
M-JKT-001,PULO GADUNG,JAKARTA TIMUR,,KEBAYORAN LAMA,,LA,100,100
M-JKT-001,PULO GADUNG,JAKARTA TIMUR,,TEBET,,LA,400,400
M-JKT-001,PULO GADUNG,JAKARTA TIMUR,,PULO GADUNG,,LA,700,700
M-JKT-001,PULO GADUNG,JAKARTA TIMUR,,PULO GADUNG,,BR,1000,7000
M-JKT-001,PULO GADUNG,JAKARTA TIMUR,,PULO GADUNG,,BR,700,4900
M-JKT-001,PULO GADUNG,JAKARTA TIMUR,,PULO GADUNG,,BR,500,3500
M-JKT-001,PULO GADUNG,JAKARTA TIMUR,,PULO GADUNG,,BR,300,2100
M-JKT-001,PULO GADUNG,JAKARTA TIMUR,,PULO GADUNG,,BR,2200,15400
M-JKT-137,PULO GADUNG,JAKARTA TIMUR,,KELAPA GADING,,AK,450,3150
M-JKT-137,PULO GADUNG,JAKARTA TIMUR,,KRAMAT JATI,,AK,450,3150
M-JKT-137,PULO GADUNG,JAKARTA TIMUR,,PULO GADUNG,,AK,200,1400
M-JKT-137,PULO GADUNG,JAKARTA TIMUR,,CENGKARENG,,AK,175,1225
D-BKS-047,KEDUNGWARINGIN,BEKASI,,KEDUNGWARINGIN,,LA,12,84
M-JKT-087,CAKUNG,JAKARTA TIMUR,,CAKUNG,,BR,800,
M-JKT-087,CAKUNG,JAKARTA TIMUR,,CAKUNG,,BR,400,
M-JKT-087,CAKUNG,JAKARTA TIMUR,,BEKASI UTARA,,BR,400,
M-JKT-087,CAKUNG,JAKARTA TIMUR,,BEKASI BARAT,,BR,400,
M-JKT-087,CAKUNG,JAKARTA TIMUR,M-BKS-022,BEKASI BARAT,,BR,300,
M-JKT-087,CAKUNG,JAKARTA TIMUR,,BEKASI BARAT,,BR,300,
M-JKT-087,CAKUNG,JAKARTA TIMUR,,CAKUNG,,BR,600,
M-JKT-094,DUREN SAWIT,JAKARTA TIMUR,M-JKT-019,DUREN SAWIT,,BR,800,
M-JKT-110,MAKASAR,JAKARTA TIMUR,,TEBET,,BR,300,300
M-JKT-110,MAKASAR,JAKARTA TIMUR,M-JKS-022,PASAR MINGGU,,BR,350,350
M-JKT-110,MAKASAR,JAKARTA TIMUR,M-JKT-093,JATINEGARA,,BR,200,200
M-JKT-110,MAKASAR,JAKARTA TIMUR,M-JKT-115,PASAR REBO,,BR,200,200
M-JKT-110,MAKASAR,JAKARTA TIMUR,M-JKT-113,KRAMAT JATI,,BR,200,200
M-JKT-111,MAKASAR,JAKARTA TIMUR,,KRAMAT JATI,,BR,1000,7000
M-JKT-111,MAKASAR,JAKARTA TIMUR,,MAKASAR,,BR,1000,7000
M-JKT-111,MAKASAR,JAKARTA TIMUR,,PASAR MINGGU,,BR,600,4200
M-JKT-106,MAKASAR,JAKARTA TIMUR,,KRAMAT JATI,,BR,700,4900
M-JKT-106,MAKASAR,JAKARTA TIMUR,,MAKASAR,,BR,600,4200
M-JKT-106,MAKASAR,JAKARTA TIMUR,,KRAMAT JATI,,BR,300,2100
M-JKT-106,MAKASAR,JAKARTA TIMUR,,MAKASAR,,BR,500,3500
M-JKT-106,MAKASAR,JAKARTA TIMUR,,PASAR MINGGU,,BR,200,1400
M-JKT-011,PULO GADUNG,JAKARTA TIMUR,,PULO GADUNG,,LA,100,700
M-JKT-011,PULO GADUNG,JAKARTA TIMUR,,PULO GADUNG,,LA,100,700
M-JKT-047,PULO GADUNG,JAKARTA TIMUR,,PULO GADUNG,,BR,1000,7000
M-JKT-047,PULO GADUNG,JAKARTA TIMUR,,CAKUNG,,BR,1000,7000
M-JKT-047,PULO GADUNG,JAKARTA TIMUR,,PULO GADUNG,,BR,1500,10500
M-JKT-047,PULO GADUNG,JAKARTA TIMUR,,KRAMAT JATI,,BR,1000,7000
D-TGR-013,CIPUTAT,KOTA TANGERANG SELATAN,,CIPUTAT,,BR,300,2100
D-TGR-013,CIPUTAT,KOTA TANGERANG SELATAN,D-TGR-091,CIPUTAT,,BR,600,4200
M-JKT-094,DUREN SAWIT,JAKARTA TIMUR,D-BKS-022,TAMBUN SELATAN,,BR,400,
M-JKT-094,DUREN SAWIT,JAKARTA TIMUR,,BEKASI BARAT,,BR,200,
M-JKT-094,DUREN SAWIT,JAKARTA TIMUR,,DUREN SAWIT,,BR,100,
M-JKT-114,KRAMAT JATI,JAKARTA TIMUR,M-JKT-113,KRAMAT JATI,,BR,300,
M-JKT-114,KRAMAT JATI,JAKARTA TIMUR,,KRAMAT JATI,,BR,500,
M-JKT-114,KRAMAT JATI,JAKARTA TIMUR,,PONDOK MELATI,,BR,1000,
M-JKT-114,KRAMAT JATI,JAKARTA TIMUR,,KRAMAT JATI,,BR,100,
M-JKT-012,PULO GADUNG,JAKARTA TIMUR,M-JKU-029,TANJUNG PRIOK,,BR,100,
M-JKT-012,PULO GADUNG,JAKARTA TIMUR,,TAMAN SARI,,BR,350,
M-JKT-012,PULO GADUNG,JAKARTA TIMUR,,CIKARANG PUSAT,,BR,350,
M-JKT-012,PULO GADUNG,JAKARTA TIMUR,M-JKU-010,CILINCING,,BR,300,
M-JKT-012,PULO GADUNG,JAKARTA TIMUR,,CAKUNG,,BR,500,
M-JKT-012,PULO GADUNG,JAKARTA TIMUR,M-JKT-120,PULO GADUNG,,BR,500,
M-JKT-012,PULO GADUNG,JAKARTA TIMUR,M-JKU-012,TANJUNG PRIOK,,BR,500,
M-JKT-012,PULO GADUNG,JAKARTA TIMUR,D-BKS-040,CIKARANG PUSAT,,BR,500,
M-JKT-012,PULO GADUNG,JAKARTA TIMUR,M-JKT-087,CAKUNG,,BR,800,
M-JKT-106,MAKASAR,JAKARTA TIMUR,M-JKT-133,KRAMAT JATI,,BR,1500,1500
M-JKT-106,MAKASAR,JAKARTA TIMUR,M-BKS-076,PONDOKGEDE,,BR,500,500
M-JKT-106,MAKASAR,JAKARTA TIMUR,,DUREN SAWIT,,BR,500,500
M-JKT-106,MAKASAR,JAKARTA TIMUR,M-JKS-022,PASAR MINGGU,,BR,300,300
M-JKT-106,MAKASAR,JAKARTA TIMUR,,KRAMAT JATI,,BR,1000,1000
M-JKT-106,MAKASAR,JAKARTA TIMUR,M-JKT-115,PASAR REBO,,BR,200,200
M-JKT-106,MAKASAR,JAKARTA TIMUR,,DUREN SAWIT,,BR,1000,1000
M-JKT-047,PULO GADUNG,JAKARTA TIMUR,M-JKT-123,PULO GADUNG,,BR,800,800
M-JKT-047,PULO GADUNG,JAKARTA TIMUR,,CAKUNG,,BR,700,700
M-JKT-046,PULO GADUNG,JAKARTA TIMUR,M-JKT-123,PULO GADUNG,,BR,700,700
M-JKT-046,PULO GADUNG,JAKARTA TIMUR,,CAKUNG,,BR,700,700
M-JKT-046,PULO GADUNG,JAKARTA TIMUR,M-JKT-113,KRAMAT JATI,,BR,600,600
D-TGR-014,CIPUTAT,KOTA TANGERANG SELATAN,,CIPUTAT,,AK,10,70
D-TGR-014,CIPUTAT,KOTA TANGERANG SELATAN,,CIPUTAT,,DU,2,14
D-TGR-255,CIPUTAT,KOTA TANGERANG SELATAN,D-TGR-073,SERPONG,,BR,500,3500
D-TGR-255,CIPUTAT,KOTA TANGERANG SELATAN,D-TGR-015,CIPUTAT,,BR,1500,10500
D-TGR-255,CIPUTAT,KOTA TANGERANG SELATAN,,SUKMA JAYA,,BR,500,3500
D-TGR-255,CIPUTAT,KOTA TANGERANG SELATAN,M-JKS-036,KEBAYORAN LAMA,,BR,500,3500
D-TGR-252,PAMULANG,KOTA TANGERANG SELATAN,D-TGR-012,CIPUTAT,,BR,100,700
M-JKT-012,PULO GADUNG,JAKARTA TIMUR,M-JKT-121,CAKUNG,,BR,900,
M-JKT-137,PULO GADUNG,JAKARTA TIMUR,M-BKS-006,BEKASI TIMUR,,BR,250,
M-JKT-137,PULO GADUNG,JAKARTA TIMUR,,CAKUNG,,BR,150,
M-JKT-137,PULO GADUNG,JAKARTA TIMUR,M-JKU-012,TANJUNG PRIOK,,BR,350,
M-JKT-137,PULO GADUNG,JAKARTA TIMUR,M-JKS-022,PASAR MINGGU,,BR,200,
M-JKT-137,PULO GADUNG,JAKARTA TIMUR,M-JKS-034,CILANDAK,,BR,250,
M-JKT-137,PULO GADUNG,JAKARTA TIMUR,M-JKT-123,PULO GADUNG,,BR,500,
M-JKT-137,PULO GADUNG,JAKARTA TIMUR,,TANJUNG PRIOK,,BR,500,
M-JKT-137,PULO GADUNG,JAKARTA TIMUR,,PULO GADUNG,,BR,1000,
M-JKT-137,PULO GADUNG,JAKARTA TIMUR,M-JKT-074,CAKUNG,,BR,500,
M-JKT-137,PULO GADUNG,JAKARTA TIMUR,,CIKARANG PUSAT,,BR,1000,
M-JKT-137,PULO GADUNG,JAKARTA TIMUR,,CEMPAKA PUTIH,,AK,100,
M-JKT-137,PULO GADUNG,JAKARTA TIMUR,,DRAMAGA,,AK,200,
M-JKT-137,PULO GADUNG,JAKARTA TIMUR,,PULO GADUNG,,AK,175,
M-JKT-137,PULO GADUNG,JAKARTA TIMUR,,DRAMAGA,,AK,200,
M-JKT-137,PULO GADUNG,JAKARTA TIMUR,,PULO GADUNG,,AK,150,
M-JKT-137,PULO GADUNG,JAKARTA TIMUR,,CEMPAKA PUTIH,,AK,100,
M-JKT-137,PULO GADUNG,JAKARTA TIMUR,,CAKUNG,,AK,500,
M-JKT-137,PULO GADUNG,JAKARTA TIMUR,M-JKT-074,CAKUNG,,AK,300,
M-JKT-137,PULO GADUNG,JAKARTA TIMUR,,PULO GADUNG,,AK,500,
M-JKT-137,PULO GADUNG,JAKARTA TIMUR,,CILEDUG,,BR,500,
M-JKT-137,PULO GADUNG,JAKARTA TIMUR,,CILEDUG,,AK,500,
M-JKT-137,PULO GADUNG,JAKARTA TIMUR,,KARAWACI,,BR,1000,
M-JKT-137,PULO GADUNG,JAKARTA TIMUR,,KARAWACI,,AK,1000,
M-BKS-008,PONDOK MELATI,KOTA BEKASI,,BEKASI SELATAN,,BR,1500,10500
M-BKS-008,PONDOK MELATI,KOTA BEKASI,M-BGR-003,JATIASIH,,BR,700,4900
M-BKS-008,PONDOK MELATI,KOTA BEKASI,,DUREN SAWIT,,BR,1300,9100
M-BKS-008,PONDOK MELATI,KOTA BEKASI,,PONDOK MELATI,,BR,1500,10500
M-JKT-137,PULO GADUNG,JAKARTA TIMUR,,PULO GADUNG,,BR,300,
M-JKT-137,PULO GADUNG,JAKARTA TIMUR,,PULO GADUNG,,AK,300,
M-JKT-137,PULO GADUNG,JAKARTA TIMUR,,PENJARINGAN,,BR,100,
M-JKT-137,PULO GADUNG,JAKARTA TIMUR,,PULO GADUNG,,BR,100,
M-JKT-137,PULO GADUNG,JAKARTA TIMUR,,CAKUNG,,BR,400,
M-JKT-137,PULO GADUNG,JAKARTA TIMUR,,MAKASAR,,BR,300,
D-TGR-041,SEPATAN TIMUR,TANGERANG,M-TGR-035,KARAWACI,,AK,30,210
D-TGR-041,SEPATAN TIMUR,TANGERANG,M-TGR-035,KARAWACI,,DU,10,70
M-JKT-137,PULO GADUNG,JAKARTA TIMUR,D-TGR-010,CIPUTAT,,BR,200,
M-JKT-051,MATRAMAN,JAKARTA TIMUR,,MATRAMAN,,BR,1500,1500
M-JKT-051,MATRAMAN,JAKARTA TIMUR,M-JKT-050,MATRAMAN,,BR,500,500
M-JKT-051,MATRAMAN,JAKARTA TIMUR,M-JKS-022,PASAR MINGGU,,BR,600,600
M-JKT-051,MATRAMAN,JAKARTA TIMUR,M-JKT-123,PULO GADUNG,,BR,300,300
M-JKU-069,CILINCING,JAKARTA UTARA,,CILINCING,,DU,50,350
M-JKU-069,CILINCING,JAKARTA UTARA,,CEMPAKA PUTIH,,DU,50,350
M-TGR-110,TANGERANG,KOTA TANGERANG,,SERPONG,,BR,200,1400
M-TGR-110,TANGERANG,KOTA TANGERANG,,TANGERANG,,BR,1500,10500
M-TGR-110,TANGERANG,KOTA TANGERANG,,KARAWACI,,BR,1400,9800
M-TGR-110,TANGERANG,KOTA TANGERANG,,CIBODAS,,BR,900,6300
M-TGR-080,TANGERANG,KOTA TANGERANG,,TANGERANG,,BR,1500,10500
M-TGR-022,TANGERANG,KOTA TANGERANG,,TANGERANG,,BR,500,3500
M-TGR-022,TANGERANG,KOTA TANGERANG,,TANGERANG,,BR,250,1750
M-TGR-022,TANGERANG,KOTA TANGERANG,,SERPONG,,BR,250,1750
D-BKS-045,KEDUNGWARINGIN,BEKASI,,KEDUNGWARINGIN,,LA,10,70
M-JKT-098,CIPAYUNG,JAKARTA TIMUR,M-JKT-117,CIRACAS,,BR,900,900
D-BKS-062,KARANGBAHAGIA,BEKASI,,KARANGBAHAGIA,,BR,2300,16100
M-JKT-098,CIPAYUNG,JAKARTA TIMUR,M-JKT-117,CIRACAS,,BR,600,600
M-JKT-098,CIPAYUNG,JAKARTA TIMUR,M-JKT-118,CIRACAS,,BR,400,400
M-JKT-095,CIPAYUNG,JAKARTA TIMUR,,CIPAYUNG,,BR,600,4200
M-JKT-095,CIPAYUNG,JAKARTA TIMUR,,CIRACAS,,BR,500,3500
M-JKT-097,CIPAYUNG,JAKARTA TIMUR,,CIRACAS,,BR,400,2800
M-JKT-097,CIPAYUNG,JAKARTA TIMUR,,CIRACAS,,BR,400,2800
M-JKT-096,CIPAYUNG,JAKARTA TIMUR,,CIRACAS,,BR,500,3500
M-JKT-096,CIPAYUNG,JAKARTA TIMUR,,CIRACAS,,BR,200,1400
M-JKT-096,CIPAYUNG,JAKARTA TIMUR,,CIPAYUNG,,BR,500,3500
M-JKT-137,PULO GADUNG,JAKARTA TIMUR,,BANTARGEBANG,,BR,200,
M-JKT-137,PULO GADUNG,JAKARTA TIMUR,,TANAH ABANG,,BR,200,
M-JKT-137,PULO GADUNG,JAKARTA TIMUR,,CAKUNG,,BR,300,
M-JKT-137,PULO GADUNG,JAKARTA TIMUR,,CAKUNG,,BR,300,
M-JKT-137,PULO GADUNG,JAKARTA TIMUR,,TANAH ABANG,,BR,200,
M-JKT-137,PULO GADUNG,JAKARTA TIMUR,D-TGR-010,CIPUTAT,,BR,200,
M-JKT-137,PULO GADUNG,JAKARTA TIMUR,,BANTARGEBANG,,BR,100,
M-JKU-011,TANJUNG PRIOK,JAKARTA UTARA,,TANJUNG PRIOK,,BR,300,
M-JKU-011,TANJUNG PRIOK,JAKARTA UTARA,M-JKU-017,KOJA,,BR,200,
M-JKU-011,TANJUNG PRIOK,JAKARTA UTARA,M-JKU-012,TANJUNG PRIOK,,BR,300,
M-JKU-011,TANJUNG PRIOK,JAKARTA UTARA,M-JKU-016,KOJA,,BR,200,
M-JKU-069,CILINCING,JAKARTA UTARA,,TANJUNG PRIOK,,DU,20,20
M-JKU-069,CILINCING,JAKARTA UTARA,,CILINCING,,DU,10,10
M-JKU-063,CILINCING,JAKARTA UTARA,,TANJUNG PRIOK,,AK,20,20
D-BGR-065,TANJUNGSARI,BOGOR,,TANJUNGSARI,,BR,100,700
D-BGR-065,TANJUNGSARI,BOGOR,,TANJUNGSARI,,BR,100,700
M-TGR-049,CILEDUG,KOTA TANGERANG,M-TGR-070,CILEDUG,,AK,50,350
D-BGR-325,CARINGIN,BOGOR,,CARINGIN,,BR,5,35
D-BGR-337,CIJERUK,BOGOR,,CIJERUK,,BR,20,140
M-JKU-060,CILINCING,JAKARTA UTARA,,CILINCING,,AK,25,175
M-TGR-027,KARAWACI,KOTA TANGERANG,,KARAWACI,,AK,44,308
M-JKU-069,PENJARINGAN,JAKARTA UTARA,M-JKP-019,SENEN,,AK,300,2100
M-JKU-061,CILINCING,JAKARTA UTARA,,CILINCING,,DU,115,
M-JKU-069,PENJARINGAN,JAKARTA UTARA,M-JKU-033,PENJARINGAN,,AK,320,2240
M-JKU-069,PENJARINGAN,JAKARTA UTARA,,PENJARINGAN,,AK,170,1190
M-JKU-069,PENJARINGAN,JAKARTA UTARA,,PENJARINGAN,,AK,210,1470
D-TGR-254,CIPUTAT TIMUR,KOTA TANGERANG SELATAN,D-TGR-012,CIPUTAT,,BR,300,2100
D-TGR-254,CIPUTAT TIMUR,KOTA TANGERANG SELATAN,,KEBAYORAN LAMA,,BR,300,2100
D-TGR-254,CIPUTAT TIMUR,KOTA TANGERANG SELATAN,D-TGR-015,CIPUTAT,,BR,240,1680
M-DPK-008,SUKMA JAYA,KOTA DEPOK,,CIMANGGIS,,BR,2100,14700
M-DPK-005,SAWANGAN,KOTA DEPOK,,CIMANGGIS,,BR,100,700
M-JKT-101,CIRACAS,JAKARTA TIMUR,,CIRACAS,,BR,500,3500
M-JKT-101,CIRACAS,JAKARTA TIMUR,,CIRACAS,,BR,500,3500
M-JKT-101,CIRACAS,JAKARTA TIMUR,,KRAMAT JATI,,BR,150,1050
M-JKU-066,CILINCING,JAKARTA UTARA,,TARUMAJAYA,,DU,100,700
M-JKU-064,CILINCING,JAKARTA UTARA,,CILINCING,,DU,5,35
M-JKU-008,CILINCING,JAKARTA UTARA,M-JKU-007,CILINCING,,BR,20,140
M-JKU-069,PENJARINGAN,JAKARTA UTARA,M-JKU-014,KOJA,,BR,1000,7000
M-JKU-069,PENJARINGAN,JAKARTA UTARA,M-JKU-018,PENJARINGAN,,BR,500,3500
M-JKU-004,CILINCING,JAKARTA UTARA,,CILINCING,,DU,100,700
M-JKU-004,CILINCING,JAKARTA UTARA,M-JKU-012,TANJUNG PRIOK,,DU,20,140
M-JKU-004,CILINCING,JAKARTA UTARA,,TANJUNG PRIOK,,DU,30,210
M-JKS-113,JAGAKARSA,JAKARTA SELATAN,M-JKS-022,PASAR MINGGU,,BR,200,1400
M-JKU-062,CILINCING,JAKARTA UTARA,M-JKU-014,KOJA,,BR,300,
M-JKU-062,CILINCING,JAKARTA UTARA,M-JKU-016,KOJA,,BR,200,
M-JKU-062,CILINCING,JAKARTA UTARA,,CILINCING,,BR,150,
M-JKU-062,CILINCING,JAKARTA UTARA,M-JKU-010,CILINCING,,BR,150,
M-JKU-062,CILINCING,JAKARTA UTARA,M-JKU-017,KOJA,,BR,200,
M-JKU-062,CILINCING,JAKARTA UTARA,,CILINCING,,BR,200,
M-JKU-062,CILINCING,JAKARTA UTARA,,CILINCING,,BR,250,
M-JKU-062,CILINCING,JAKARTA UTARA,M-JKU-015,KOJA,,BR,150,
M-JKU-069,KOJA,JAKARTA UTARA,M-JKU-016,KOJA,,BR,200,
M-JKU-069,KOJA,JAKARTA UTARA,M-JKU-017,KOJA,,BR,600,
M-JKU-069,KOJA,JAKARTA UTARA,M-JKU-014,KOJA,,BR,200,
M-JKU-069,KOJA,JAKARTA UTARA,M-JKU-010,CILINCING,,BR,100,
M-JKU-069,KOJA,JAKARTA UTARA,,KOJA,,BR,100,
M-JKS-146,PESANGGRAHAN,JAKARTA SELATAN,,CIKARANG PUSAT,,BR,1000,1000
D-TGR-050,CIKUPA,TANGERANG,,CIKUPA,,BR,400,2800
M-BKS-052,BEKASI UTARA,KOTA BEKASI,M-BKS-005,RAWALUMBU,,AK,30,210
M-JKB-063,KALI DERES,JAKARTA BARAT,,KALI DERES,,BR,200,1400
M-JKB-063,KALI DERES,JAKARTA BARAT,,CENGKARENG,,BR,300,2100
M-JKB-063,KALI DERES,JAKARTA BARAT,,KEBON JERUK,,BR,200,1400
M-JKB-063,KALI DERES,JAKARTA BARAT,,KELAPA DUA,,BR,500,3500
D-BGR-140,CIAWI,BOGOR,,CIAWI,,BR,30,150
M-DPK-003,SAWANGAN,KOTA DEPOK,,CIPUTAT,,BR,500,3500
M-DPK-003,SAWANGAN,KOTA DEPOK,,PARUNG,,BR,500,3500
M-DPK-003,SAWANGAN,KOTA DEPOK,,SUKMA JAYA,,BR,1000,7000
D-BGR-283,CILEUNGSI,BOGOR,D-BGR-133,CILEUNGSI,,AK,50,350
D-BGR-284,CILEUNGSI,BOGOR,D-BGR-133,CILEUNGSI,,AK,40,80
M-TGR-025,PINANG,KOTA TANGERANG,M-TGR-010,TANGERANG,,AK,30,30
M-TGR-025,PINANG,KOTA TANGERANG,,PINANG,,AK,10,70
D-BGR-306,CARIU,BOGOR,,CIBARUSAH,,BR,150,150
D-BGR-286,CILEUNGSI,BOGOR,D-BGR-133,CILEUNGSI,,AK,30,60
D-BGR-286,CILEUNGSI,BOGOR,D-BGR-133,CILEUNGSI,,DU,20,40
M-JKT-195,PULO GADUNG,JAKARTA TIMUR,M-JKT-019,DUREN SAWIT,,BR,1200,1200
M-JKT-195,PULO GADUNG,JAKARTA TIMUR,,CAKUNG,,BR,300,300
M-JKT-195,PULO GADUNG,JAKARTA TIMUR,M-JKT-074,CAKUNG,,BR,600,600
M-JKT-193,PULO GADUNG,JAKARTA TIMUR,M-JKT-123,PULO GADUNG,,BR,800,800
M-JKT-193,PULO GADUNG,JAKARTA TIMUR,M-JKS-036,KEBAYORAN LAMA,,BR,800,800
M-JKT-193,PULO GADUNG,JAKARTA TIMUR,,TANAH ABANG,,BR,600,600
M-JKT-193,PULO GADUNG,JAKARTA TIMUR,M-JKT-074,CAKUNG,,BR,500,500
M-JKT-194,PULO GADUNG,JAKARTA TIMUR,,TANJUNG PRIOK,,BR,700,700
M-JKT-194,PULO GADUNG,JAKARTA TIMUR,M-JKT-123,PULO GADUNG,,BR,800,800
D-BGR-085,TAJURHALANG,BOGOR,,TAJURHALANG,,BR,30,30
D-BGR-085,TAJURHALANG,BOGOR,,TAJURHALANG,,BR,100,100
D-BGR-085,TAJURHALANG,BOGOR,,RANCA BUNGUR,,BR,100,100
D-BGR-085,TAJURHALANG,BOGOR,,SUKARAJA,,BR,200,200
M-JKT-093,JATINEGARA,JAKARTA TIMUR,,JATINEGARA,,BR,300,300
M-BKS-067,BEKASI TIMUR,KOTA BEKASI,M-BKS-059,BEKASI TIMUR,,BR,75,525
D-BKS-071,BABELAN,BEKASI,D-BKS-008,BABELAN,,BR,1500,10500
D-BKS-071,BABELAN,BEKASI,M-BKS-078,BEKASI UTARA,,BR,1000,7000
D-BGR-273,CIAMPEA,BOGOR,,CIAMPEA,,BR,20,140
D-BGR-061,TANJUNGSARI,BOGOR,,JONGGOL,,AK,20,40
D-BGR-061,TANJUNGSARI,BOGOR,,CARIU,,AK,10,10
D-TGR-225,TELUKNAGA,TANGERANG,,TELUKNAGA,,DU,50,350
M-TGR-135,KARAWACI,KOTA TANGERANG,M-TGR-035,KARAWACI,,DU,150,1050
M-TGR-135,KARAWACI,KOTA TANGERANG,M-TGR-011,TANGERANG,,AK,40,280
M-TGR-135,KARAWACI,KOTA TANGERANG,M-TGR-011,TANGERANG,,LA,30,210
M-TGR-135,KARAWACI,KOTA TANGERANG,,TANGERANG,,AK,15,105
M-TGR-135,KARAWACI,KOTA TANGERANG,,TANGERANG,,DU,25,175
M-TGR-135,KARAWACI,KOTA TANGERANG,,TANGERANG,,LA,5,35
M-TGR-135,KARAWACI,KOTA TANGERANG,,CENGKARENG,,AK,30,210
M-TGR-135,KARAWACI,KOTA TANGERANG,,CENGKARENG,,DU,20,140
M-TGR-135,KARAWACI,KOTA TANGERANG,,CIBODAS,,AK,20,140
M-TGR-135,KARAWACI,KOTA TANGERANG,M-JKS-036,KEBAYORAN LAMA,,AK,30,210
M-TGR-135,KARAWACI,KOTA TANGERANG,,CIPONDOH,,AK,30,210
M-TGR-135,KARAWACI,KOTA TANGERANG,,PERIUK,,AK,5,35
M-TGR-135,KARAWACI,KOTA TANGERANG,,PERIUK,,DU,7,49
M-TGR-135,KARAWACI,KOTA TANGERANG,,KALI DERES,,AK,15,105
M-TGR-135,KARAWACI,KOTA TANGERANG,,KALI DERES,,DU,10,70
M-TGR-135,KARAWACI,KOTA TANGERANG,,BATUCEPER,,AK,5,35
M-TGR-135,KARAWACI,KOTA TANGERANG,,BATUCEPER,,DU,15,105
M-TGR-135,KARAWACI,KOTA TANGERANG,,CENGKARENG,,AK,10,70
M-TGR-135,KARAWACI,KOTA TANGERANG,,CENGKARENG,,DU,15,105
M-TGR-135,KARAWACI,KOTA TANGERANG,,KEBON JERUK,,AK,5,35
M-TGR-135,KARAWACI,KOTA TANGERANG,,KEBON JERUK,,DU,10,70
M-JKT-196,MATRAMAN,JAKARTA TIMUR,M-JKS-022,PASAR MINGGU,,BR,750,5250
M-JKT-196,MATRAMAN,JAKARTA TIMUR,M-JKP-003,CEMPAKA PUTIH,,BR,500,3500
M-JKT-196,MATRAMAN,JAKARTA TIMUR,M-JKT-074,CAKUNG,,BR,500,3500
M-JKT-196,MATRAMAN,JAKARTA TIMUR,,SENEN,,BR,1500,10500
M-JKT-196,MATRAMAN,JAKARTA TIMUR,,JATINEGARA,,BR,3000,21000
M-JKT-196,MATRAMAN,JAKARTA TIMUR,,CAKUNG,,BR,500,3500
M-JKT-196,MATRAMAN,JAKARTA TIMUR,,TAMBUN SELATAN,,BR,500,3500
M-JKT-196,MATRAMAN,JAKARTA TIMUR,,CEMPAKA PUTIH,,BR,500,3500
M-JKT-196,MATRAMAN,JAKARTA TIMUR,,PULO GADUNG,,BR,1000,7000
M-JKT-196,MATRAMAN,JAKARTA TIMUR,,TAMBUN SELATAN,,BR,2000,14000
M-BGR-013,KOTA BOGOR TENGAH,KOTA BOGOR,,KOTA BOGOR TENGAH,,LA,80,80
D-BGR-259,TAJURHALANG,BOGOR,,SUKARAJA,,BR,100,700
D-BGR-259,TAJURHALANG,BOGOR,D-BGR-108,BOJONG GEDE,,BR,300,2100
D-BGR-259,TAJURHALANG,BOGOR,,TANAH SEREAL,,BR,100,700
D-TGR-221,TELUKNAGA,TANGERANG,M-TGR-035,KARAWACI,,AK,50,350
M-TGR-133,CIPONDOH,KOTA TANGERANG,M-JKB-034,CENGKARENG,,BR,300,2100
M-TGR-133,CIPONDOH,KOTA TANGERANG,,CIPONDOH,,BR,600,4200
D-BGR-074,SUKAMAKMUR,BOGOR,D-BGR-051,JONGGOL,,AK,20,40
D-BGR-076,SUKAMAKMUR,BOGOR,,JONGGOL,,AK,10,30
D-BGR-076,SUKAMAKMUR,BOGOR,D-BGR-051,JONGGOL,,AK,10,30
D-BGR-073,SUKAMAKMUR,BOGOR,D-BGR-076,SUKAMAKMUR,,AK,10,10
D-BGR-303,JONGGOL,BOGOR,D-BKS-042,CIKARANG UTARA,,AK,49,245
D-BGR-303,JONGGOL,BOGOR,D-BKS-042,CIKARANG UTARA,,DU,49,245
D-BGR-303,JONGGOL,BOGOR,D-BGR-051,JONGGOL,,AK,25,50
D-BGR-303,JONGGOL,BOGOR,D-BGR-051,JONGGOL,,DU,25,50
D-BGR-303,JONGGOL,BOGOR,D-BKS-002,CIKARANG SELATAN,,AK,25,50
D-BGR-303,JONGGOL,BOGOR,D-BKS-002,CIKARANG SELATAN,,DU,25,50
D-BGR-062,TANJUNGSARI,BOGOR,D-BGR-051,JONGGOL,,AK,25,50
D-BGR-062,TANJUNGSARI,BOGOR,,CARIU,,AK,20,20
D-BGR-301,JONGGOL,BOGOR,D-BGR-051,JONGGOL,,AK,20,40
D-BGR-059,TANJUNGSARI,BOGOR,,CARIU,,AK,10,70
D-BGR-299,JONGGOL,BOGOR,D-BKS-002,CIKARANG SELATAN,,AK,50,350
D-BGR-299,JONGGOL,BOGOR,D-BKS-002,CIKARANG SELATAN,,DU,16,112
D-BGR-299,JONGGOL,BOGOR,D-BGR-133,CILEUNGSI,,AK,50,350
D-BGR-299,JONGGOL,BOGOR,D-BGR-133,CILEUNGSI,,DU,16,112
D-BGR-299,JONGGOL,BOGOR,D-BGR-051,JONGGOL,,AK,50,350
D-BGR-299,JONGGOL,BOGOR,D-BGR-051,JONGGOL,,DU,16,112
D-BKS-073,TARUMAJAYA,BEKASI,,TARUMAJAYA,,BR,700,4900
D-BKS-072,BABELAN,BEKASI,,BABELAN,,BR,900,6300
M-JKU-069,KOJA,JAKARTA UTARA,M-JKU-013,KOJA,,BR,150,
D-BGR-296,JONGGOL,BOGOR,,JONGGOL,,AK,34,34
M-JKU-069,KOJA,JAKARTA UTARA,,KOJA,,BR,2500,
M-JKU-069,TANJUNG PRIOK,JAKARTA UTARA,M-JKU-023,TANJUNG PRIOK,,BR,720,
M-JKU-069,PADEMANGAN,JAKARTA UTARA,,PADEMANGAN,,BR,600,
M-JKU-069,PADEMANGAN,JAKARTA UTARA,,PADEMANGAN,,BR,600,
M-JKU-069,PADEMANGAN,JAKARTA UTARA,,PENJARINGAN,,BR,600,
M-BKS-098,BEKASI BARAT,KOTA BEKASI,M-BKS-022,BEKASI BARAT,,BR,1600,11200
M-BKS-098,BEKASI BARAT,KOTA BEKASI,M-BKS-077,BEKASI SELATAN,,BR,300,2100
M-BKS-098,BEKASI BARAT,KOTA BEKASI,,TARUMAJAYA,,BR,400,2800
M-BKS-098,BEKASI BARAT,KOTA BEKASI,M-BKS-022,BEKASI BARAT,,BR,1600,11200
M-BKS-098,BEKASI BARAT,KOTA BEKASI,M-BKS-022,BEKASI BARAT,,BR,2000,14000
M-BKS-098,BEKASI BARAT,KOTA BEKASI,M-BKS-022,BEKASI BARAT,,BR,800,5600
M-JKU-069,PENJARINGAN,JAKARTA UTARA,M-JKP-019,SENEN,,DU,7,
M-BKS-098,BEKASI BARAT,KOTA BEKASI,,BEKASI BARAT,,BR,1200,8400
M-JKU-110,KOJA,JAKARTA UTARA,M-JKU-017,KOJA,,BR,30,
M-JKU-069,PENJARINGAN,JAKARTA UTARA,,PENJARINGAN,,BR,6000,42000
D-BKS-074,CIKARANG PUSAT,BEKASI,,BABELAN,,BR,500,3500
D-BKS-074,CIKARANG PUSAT,BEKASI,,KARANGBAHAGIA,,BR,1200,8400
D-BKS-074,CIKARANG PUSAT,BEKASI,,KARANGBAHAGIA,,BR,600,4200
M-BKS-002,JATISAMPURNA,KOTA BEKASI,,JATISAMPURNA,,BR,500,3500
D-BGR-253,JASINGA,BOGOR,,MAJA,,BR,60,180
D-BGR-253,JASINGA,BOGOR,D-TGR-044,CIKUPA,,BR,100,200
D-BGR-253,JASINGA,BOGOR,,JASINGA,,BR,100,200
M-BKS-098,BEKASI BARAT,KOTA BEKASI,M-BKS-022,BEKASI BARAT,,BR,1200,8400
M-BKS-098,BEKASI BARAT,KOTA BEKASI,,BEKASI BARAT,,BR,800,5600
M-TGR-038,JATI UWUNG,KOTA TANGERANG,M-TGR-042,CIBODAS,,BR,1700,
M-TGR-038,JATI UWUNG,KOTA TANGERANG,D-TGR-090,PASARKEMIS,,BR,1500,
M-TGR-038,JATI UWUNG,KOTA TANGERANG,D-TGR-099,SINDANG JAYA,,BR,750,
M-TGR-038,JATI UWUNG,KOTA TANGERANG,D-TGR-030,KELAPA DUA,,BR,750,
M-BKS-103,BEKASI BARAT,KOTA BEKASI,M-BKS-022,BEKASI BARAT,,BR,2000,14000
D-BGR-296,JONGGOL,BOGOR,,JONGGOL,,AK,10,20
D-BGR-301,JONGGOL,BOGOR,D-BGR-051,JONGGOL,,AK,10,20
D-BGR-301,JONGGOL,BOGOR,D-BGR-051,JONGGOL,,DU,5,10
M-BKS-091,BEKASI TIMUR,KOTA BEKASI,M-BKS-065,BEKASI TIMUR,,BR,850,5950
M-BKS-091,BEKASI TIMUR,KOTA BEKASI,M-BKS-065,BEKASI TIMUR,,BR,850,5950