destination_code,destination_sub_district,destination_district,origin_district,species_type,number,weekly_volume
M-JKT-051,MATRAMAN,JAKARTA TIMUR,CIAMIS,BR,2500,17500
M-JKT-066,MATRAMAN,JAKARTA TIMUR,BANDUNG,BR,9000,36000
M-JKT-066,MATRAMAN,JAKARTA TIMUR,KOTA BANDAR LAMPUNG,BR,9000,18000
M-JKT-066,MATRAMAN,JAKARTA TIMUR,WONOGIRI,BR,9000,9000
M-JKP-005,JOHAR BARU,JAKARTA PUSAT,BANYUMAS,LA,500,1000
M-JKP-005,JOHAR BARU,JAKARTA PUSAT,SEMARANG,LA,500,500
M-JKP-005,JOHAR BARU,JAKARTA PUSAT,KOTA PALEMBANG,LA,500,500
M-JKP-005,JOHAR BARU,JAKARTA PUSAT,,,,
M-JKT-060,MATRAMAN,JAKARTA TIMUR,CIAMIS,BR,3000,15000
M-JKT-060,MATRAMAN,JAKARTA TIMUR,TASIKMALAYA,BR,3000,15000
M-JKT-060,MATRAMAN,JAKARTA TIMUR,CIAMIS,BR,3000,21000
M-JKT-060,MATRAMAN,JAKARTA TIMUR,CIAMIS,BR,3000,21000
M-JKP-005,JOHAR BARU,JAKARTA PUSAT,TANGGAMUS,BR,1000,7000
M-JKP-005,JOHAR BARU,JAKARTA PUSAT,SERANG,BR,500,3500
M-JKP-005,JOHAR BARU,JAKARTA PUSAT,SUBANG,LA,1000,7000
M-JKP-005,JOHAR BARU,JAKARTA PUSAT,LAMPUNG SELATAN,LA,1500,10500
M-JKP-005,CEMPAKA PUTIH,JAKARTA PUSAT,SUKABUMI,BR,1100,5500
M-JKP-005,CEMPAKA PUTIH,JAKARTA PUSAT,SUKABUMI,LA,100,200
M-JKP-005,CEMPAKA PUTIH,JAKARTA PUSAT,SUBANG,BR,1400,1400
M-JKT-051,MATRAMAN,JAKARTA TIMUR,TASIKMALAYA,BR,2500,7500
M-JKT-051,MATRAMAN,JAKARTA TIMUR,SUKABUMI,LA,600,1200
M-JKT-051,MATRAMAN,JAKARTA TIMUR,SUBANG,LA,600,1200
M-JKT-051,MATRAMAN,JAKARTA TIMUR,JOMBANG,LA,600,600
M-JKT-051,MATRAMAN,JAKARTA TIMUR,MALANG,LA,600,600
M-JKT-051,MATRAMAN,JAKARTA TIMUR,KOTA BANDAR LAMPUNG,LA,600,600
M-JKT-051,MATRAMAN,JAKARTA TIMUR,TASIKMALAYA,BR,2000,12000
M-JKT-060,MATRAMAN,JAKARTA TIMUR,BEKASI,BR,2500,17500
M-JKT-060,MATRAMAN,JAKARTA TIMUR,SERANG,BR,2000,14000
M-JKT-060,MATRAMAN,JAKARTA TIMUR,BOGOR,BR,2000,14000
M-JKT-060,MATRAMAN,JAKARTA TIMUR,BANDUNG,BR,2500,17500
M-JKT-060,MATRAMAN,JAKARTA TIMUR,SEMARANG,BR,2000,14000
M-JKP-005,JOHAR BARU,JAKARTA PUSAT,SUKABUMI,BR,1000,4000
M-JKP-005,JOHAR BARU,JAKARTA PUSAT,BOGOR,BR,,0
M-JKP-005,JOHAR BARU,JAKARTA PUSAT,TANGERANG,LA,350,2450
M-JKP-005,JOHAR BARU,JAKARTA PUSAT,BOGOR,BR,1500,10500
M-JKP-005,JOHAR BARU,JAKARTA PUSAT,TANGERANG,BR,200,1400
M-JKP-005,JOHAR BARU,JAKARTA PUSAT,SUKABUMI,BR,300,2100
M-JKT-189,MATRAMAN,JAKARTA TIMUR,BOGOR,BR,3000,9000
M-JKT-189,MATRAMAN,JAKARTA TIMUR,CIAMIS,BR,3000,3000
M-JKT-189,MATRAMAN,JAKARTA TIMUR,TASIKMALAYA,BR,3000,3000
M-JKP-005,CEMPAKA PUTIH,JAKARTA PUSAT,SUKABUMI,BR,3800,26600
M-JKP-005,CEMPAKA PUTIH,JAKARTA PUSAT,CIANJUR,BR,2200,15400
M-JKP-005,CEMPAKA PUTIH,JAKARTA PUSAT,SERANG,LA,1800,1800
M-JKP-005,CEMPAKA PUTIH,JAKARTA PUSAT,SUKABUMI,LA,700,700
M-JKP-005,CEMPAKA PUTIH,JAKARTA PUSAT,SUBANG,LA,700,700
M-JKP-005,CEMPAKA PUTIH,JAKARTA PUSAT,JAKARTA PUSAT,LA,30,60
M-JKT-190,MATRAMAN,JAKARTA TIMUR,JAKARTA BARAT,BR,3000,21000
M-JKT-190,MATRAMAN,JAKARTA TIMUR,CIANJUR,BR,3000,21000
M-JKT-190,MATRAMAN,JAKARTA TIMUR,CIANJUR,BR,3000,21000
M-JKT-190,MATRAMAN,JAKARTA TIMUR,BOGOR,BR,3000,21000
M-JKT-060,MATRAMAN,JAKARTA TIMUR,BANDUNG,BR,6000,42000
M-JKT-060,MATRAMAN,JAKARTA TIMUR,SUKABUMI,BR,6000,42000
M-JKT-060,MATRAMAN,JAKARTA TIMUR,SLEMAN,BR,3000,21000
M-JKT-060,MATRAMAN,JAKARTA TIMUR,KOTA BANDAR LAMPUNG,BR,4000,28000
M-JKT-051,MATRAMAN,JAKARTA TIMUR,TASIKMALAYA,BR,2000,6000
M-JKT-192,MATRAMAN,JAKARTA TIMUR,CIAMIS,BR,2800,9800
M-JKT-192,MATRAMAN,JAKARTA TIMUR,BANDUNG,BR,2800,9800
M-JKT-192,MATRAMAN,JAKARTA TIMUR,SUKABUMI,BR,2900,10150
M-JKT-192,MATRAMAN,JAKARTA TIMUR,BANDUNG,BR,2900,10150
M-JKT-192,MATRAMAN,JAKARTA TIMUR,KOTA CIREBON,BR,1200,4200
M-JKT-192,MATRAMAN,JAKARTA TIMUR,KOTA BANDAR LAMPUNG,BR,1200,4200
M-JKT-192,MATRAMAN,JAKARTA TIMUR,CIAMIS,BR,1600,5600
M-JKT-192,MATRAMAN,JAKARTA TIMUR,KOTA BANDAR LAMPUNG,BR,1600,5600
M-JKP-005,CEMPAKA PUTIH,JAKARTA PUSAT,SUBANG,BR,1500,10500
M-JKP-005,CEMPAKA PUTIH,JAKARTA PUSAT,SUKABUMI,BR,1500,10500
M-JKP-005,CEMPAKA PUTIH,JAKARTA PUSAT,BOGOR,BR,1500,1500
M-JKT-066,MATRAMAN,JAKARTA TIMUR,TASIKMALAYA,BR,2000,4000
M-JKT-066,MATRAMAN,JAKARTA TIMUR,BANDUNG,BR,2000,2000
M-JKT-066,MATRAMAN,JAKARTA TIMUR,KOTA CIREBON,BR,250,250
M-JKP-040,KEMAYORAN,JAKARTA PUSAT,SUKABUMI,BR,3000,6000
M-JKP-040,KEMAYORAN,JAKARTA PUSAT,SUBANG,BR,3000,3000
M-JKP-040,KEMAYORAN,JAKARTA PUSAT,BANYUMAS,BR,3000,3000
M-JKP-040,KEMAYORAN,JAKARTA PUSAT,BOGOR,BR,3000,9000
M-TGR-094,NEGLASARI,KOTA TANGERANG,TASIKMALAYA,BR,1500,10500
M-TGR-064,NEGLASARI,KOTA TANGERANG,KOTA BOGOR,BR,1000,7000
M-JKP-043,SENEN,JAKARTA PUSAT,TANGERANG,BR,4000,16000
M-JKP-043,SENEN,JAKARTA PUSAT,SUKABUMI,BR,4000,8000
M-JKP-043,SENEN,JAKARTA PUSAT,CIANJUR,BR,4000,4000
M-JKP-043,SENEN,JAKARTA PUSAT,BOGOR,BR,600,1399,9998
M-JKP-043,SENEN,JAKARTA PUSAT,SUKABUMI,BR,600,1399,9998
M-JKP-043,SENEN,JAKARTA PUSAT,TANGERANG,BR,600,1399,9998
M-TGR-093,NEGLASARI,KOTA TANGERANG,CIAMIS,BR,3000,9000
M-JKP-020,KEMAYORAN,JAKARTA PUSAT,SUKABUMI,BR,1500,10500
M-JKP-020,KEMAYORAN,JAKARTA PUSAT,BOGOR,BR,1000,7000
M-JKB-039,CENGKARENG,JAKARTA BARAT,SERANG,BR,1200,6000
M-JKB-039,CENGKARENG,JAKARTA BARAT,TANGERANG,BR,1200,1200
M-JKB-039,CENGKARENG,JAKARTA BARAT,BOGOR,BR,1200,1200
M-JKP-046,SENEN,JAKARTA PUSAT,TANGERANG,BR,700,4200
M-JKP-046,SENEN,JAKARTA PUSAT,BEKASI,BR,350,350
M-JKP-046,SENEN,JAKARTA PUSAT,KARAWANG,BR,350,350
M-TGR-062,NEGLASARI,KOTA TANGERANG,TASIKMALAYA,BR,2000,4000
M-JKB-039,CENGKARENG,JAKARTA BARAT,SERANG,BR,3200,19200
M-JKB-039,CENGKARENG,JAKARTA BARAT,BOGOR,BR,3200,3200
M-TGR-021,TANGERANG,KOTA TANGERANG,SERANG,BR,2000,14000
M-TGR-021,TANGERANG,KOTA TANGERANG,SERANG,BR,1000,7000
M-JKB-039,CENGKARENG,JAKARTA BARAT,BOGOR,BR,900,4500
M-JKB-039,CENGKARENG,JAKARTA BARAT,SERANG,BR,900,1800
M-JKB-008,CENGKARENG,JAKARTA BARAT,BOGOR,BR,500,3500
M-JKB-008,CENGKARENG,JAKARTA BARAT,BOGOR,AK,100,700
M-TGR-099,NEGLASARI,KOTA TANGERANG,SERANG,BR,2500,8750
M-TGR-099,NEGLASARI,KOTA TANGERANG,BOGOR,BR,2500,8750
M-TGR-012,TANGERANG,KOTA TANGERANG,SERANG,BR,600,4200
M-JKP-005,CEMPAKA PUTIH,JAKARTA PUSAT,SERANG,LA,1000,3000
M-JKP-005,CEMPAKA PUTIH,JAKARTA PUSAT,SUKABUMI,LA,1000,1000
M-JKP-005,CEMPAKA PUTIH,JAKARTA PUSAT,SUKABUMI,LA,1000,3000
M-JKP-005,CEMPAKA PUTIH,JAKARTA PUSAT,TANGERANG,BR,600,4200
M-JKP-005,CEMPAKA PUTIH,JAKARTA PUSAT,SUKABUMI,BR,1500,10500
M-JKP-005,CEMPAKA PUTIH,JAKARTA PUSAT,SUBANG,BR,1500,10500
M-JKP-005,CEMPAKA PUTIH,JAKARTA PUSAT,CIANJUR,BR,750,5250
M-JKB-001,CENGKARENG,JAKARTA BARAT,BANDUNG,BR,800,800
M-JKB-001,CENGKARENG,JAKARTA BARAT,SERANG,BR,1200,1200
M-JKB-001,CENGKARENG,JAKARTA BARAT,BOGOR,BR,300,300
M-BGR-015,KOTA BOGOR BARAT,KOTA BOGOR,KOTA BOGOR,AK,30,60
M-BGR-015,KOTA BOGOR BARAT,KOTA BOGOR,KOTA BOGOR,AK,40,40
M-JKP-041,KEMAYORAN,JAKARTA PUSAT,TASIKMALAYA,BR,2000,14000
M-JKP-041,KEMAYORAN,JAKARTA PUSAT,BANDUNG,BR,2000,14000
M-BKS-087,RAWALUMBU,KOTA BEKASI,TASIKMALAYA,BR,1000,3500
M-BKS-087,RAWALUMBU,KOTA BEKASI,LAMPUNG UTARA,BR,1000,3500
M-BKS-073,RAWALUMBU,KOTA BEKASI,BANDUNG,BR,3000,10500
M-BKS-073,RAWALUMBU,KOTA BEKASI,TASIKMALAYA,BR,3000,10500
M-TGR-096,NEGLASARI,KOTA TANGERANG,TANGERANG,BR,2000,14000
M-TGR-096,NEGLASARI,KOTA TANGERANG,TANGERANG,BR,1000,7000
M-TGR-096,NEGLASARI,KOTA TANGERANG,SERANG,BR,1000,7000
M-TGR-095,NEGLASARI,KOTA TANGERANG,TANGERANG,BR,600,1200
M-TGR-095,NEGLASARI,KOTA TANGERANG,TANGERANG,BR,200,200
M-TGR-110,TANGERANG,KOTA TANGERANG,TANGERANG,BR,1500,4500
M-TGR-110,TANGERANG,KOTA TANGERANG,TANGERANG,BR,1500,3000
M-TGR-110,TANGERANG,KOTA TANGERANG,SERANG,BR,1500,1500
M-TGR-110,TANGERANG,KOTA TANGERANG,TANGERANG,BR,1500,1500
M-TGR-110,TANGERANG,KOTA TANGERANG,PANDEGLANG,BR,1000,3000
M-TGR-110,TANGERANG,KOTA TANGERANG,SERANG,BR,1000,4000
M-TGR-110,TANGERANG,KOTA TANGERANG,TANGERANG,BR,2000,14000
M-BGR-011,KOTA BOGOR SELATAN,KOTA BOGOR,BOGOR,AK,600,1200
M-BGR-011,KOTA BOGOR SELATAN,KOTA BOGOR,BOGOR,BR,100,100
M-BGR-011,KOTA BOGOR SELATAN,KOTA BOGOR,BOGOR,DU,600,1200
M-BGR-011,KOTA BOGOR SELATAN,KOTA BOGOR,BOGOR,LA,600,0
M-BGR-012,TANAH SEREAL,KOTA BOGOR,BOGOR,BR,1000,7000
M-JKB-054,TAMBORA,JAKARTA BARAT,TASIKMALAYA,BR,1000,7000
M-BKS-038,BANTARGEBANG,KOTA BEKASI,BOGOR,BR,400,933,3332
M-BKS-038,BANTARGEBANG,KOTA BEKASI,KOTA BEKASI,BR,400,933,3332
M-BKS-038,BANTARGEBANG,KOTA BEKASI,KOTA DEPOK,BR,400,933,3332
M-JKB-053,TAMBORA,JAKARTA BARAT,SUKABUMI,BR,100,500
M-JKB-053,TAMBORA,JAKARTA BARAT,SUKABUMI,LA,500,2500
M-JKB-053,TAMBORA,JAKARTA BARAT,CIANJUR,BR,100,200
M-JKB-053,TAMBORA,JAKARTA BARAT,CIANJUR,LA,500,1000
M-TGR-110,TANGERANG,KOTA TANGERANG,KOTA TANGERANG,BR,100,700
M-TGR-110,TANGERANG,KOTA TANGERANG,TANGERANG,BR,1000,7000
M-TGR-110,TANGERANG,KOTA TANGERANG,KOTA SERANG,BR,1000,7000
M-TGR-110,TANGERANG,KOTA TANGERANG,KOTA SERANG,BR,700,4900
M-BGR-016,TANAH SEREAL,KOTA BOGOR,SUKABUMI,BR,1000,1000
M-BGR-016,TANAH SEREAL,KOTA BOGOR,BOGOR,BR,1000,1000
M-JKT-060,MATRAMAN,JAKARTA TIMUR,CIANJUR,BR,10000,35000
M-JKT-060,MATRAMAN,JAKARTA TIMUR,SUKABUMI,BR,10000,35000
M-BGR-009,TANAH SEREAL,KOTA BOGOR,BOGOR,BR,600,2400
M-BGR-009,TANAH SEREAL,KOTA BOGOR,BOGOR,BR,600,1800
M-JKB-039,CENGKARENG,JAKARTA BARAT,SERANG,BR,4000,20000
M-JKB-039,CENGKARENG,JAKARTA BARAT,KOTA CILEGON,BR,2000,2000
M-JKB-039,CENGKARENG,JAKARTA BARAT,PANDEGLANG,BR,2000,2000
M-BKS-063,BEKASI TIMUR,KOTA BEKASI,TASIKMALAYA,BR,1000,4000
M-BKS-063,BEKASI TIMUR,KOTA BEKASI,TANGGAMUS,BR,1000,2000
M-BKS-063,BEKASI TIMUR,KOTA BEKASI,MAJALENGKA,BR,1000,1000
M-BKS-038,BANTARGEBANG,KOTA BEKASI,KOTA DEPOK,BR,900,6300
D-BGR-230,CIAMPEA,BOGOR,BOGOR,BR,1000,4000
D-BGR-230,CIAMPEA,BOGOR,BOGOR,BR,1000,3000
M-BGR-010,KOTA BOGOR BARAT,KOTA BOGOR,BOGOR,BR,500,500
M-BGR-010,KOTA BOGOR BARAT,KOTA BOGOR,BOGOR,BR,500,500
M-BGR-010,KOTA BOGOR BARAT,KOTA BOGOR,BOGOR,BR,500,500
M-BKS-065,BEKASI TIMUR,KOTA BEKASI,SUKABUMI,BR,1500,10500
M-JKB-039,CENGKARENG,JAKARTA BARAT,BOGOR,BR,500,1500
M-JKB-039,CENGKARENG,JAKARTA BARAT,JAKARTA BARAT,BR,500,2000
M-BKS-016,JATIASIH,KOTA BEKASI,SUBANG,BR,1408,3285,332864
M-BKS-016,JATIASIH,KOTA BEKASI,TANGERANG,BR,1408,3285,332864
M-BKS-016,JATIASIH,KOTA BEKASI,INDRAMAYU,BR,1408,3285,332864
M-BKS-088,BEKASI TIMUR,KOTA BEKASI,KARAWANG,BR,1000,4000
M-BKS-088,BEKASI TIMUR,KOTA BEKASI,BOGOR,BR,1000,1500
M-BKS-088,BEKASI TIMUR,KOTA BEKASI,BEKASI,BR,1000,1500
M-BKS-040,BANTARGEBANG,KOTA BEKASI,KOTA BEKASI,BR,100,700
M-JKT-191,MATRAMAN,JAKARTA TIMUR,BANDUNG,BR,7000,7000
M-BKS-016,JATIASIH,KOTA BEKASI,BEKASI,BR,1000,7000
M-BKS-016,JATIASIH,KOTA BEKASI,KOTA BEKASI,BR,1200,8400
M-BKS-042,BANTARGEBANG,KOTA BEKASI,SUBANG,BR,1000,4000
M-BKS-042,BANTARGEBANG,KOTA BEKASI,SUBANG,BR,1000,3000
D-BGR-088,TAJURHALANG,BOGOR,BOGOR,BR,1000,7000
D-BGR-088,TAJURHALANG,BOGOR,BOGOR,BR,4000,4000
D-BGR-088,TAJURHALANG,BOGOR,JAKARTA UTARA,BR,1500,10500
M-TGR-129,TANGERANG,KOTA TANGERANG,SERANG,BR,500,1500
M-TGR-129,TANGERANG,KOTA TANGERANG,BOGOR,BR,500,1500
M-TGR-129,TANGERANG,KOTA TANGERANG,TANGERANG,BR,1000,4000
M-TGR-015,TANGERANG,KOTA TANGERANG,TANGERANG,BR,350,2450
M-TGR-015,TANGERANG,KOTA TANGERANG,TANGERANG,BR,350,2450
M-JKB-049,GROGOL PETAMBURAN,JAKARTA BARAT,BOGOR,BR,700,3500
M-JKB-049,GROGOL PETAMBURAN,JAKARTA BARAT,BOGOR,BR,700,1400
M-JKB-049,GROGOL PETAMBURAN,JAKARTA BARAT,LEBAK,BR,175,175
M-JKB-051,GROGOL PETAMBURAN,JAKARTA BARAT,TASIKMALAYA,BR,3000,12000
M-JKB-051,GROGOL PETAMBURAN,JAKARTA BARAT,CIAMIS,BR,3000,9000
M-BKS-008,PONDOK MELATI,KOTA BEKASI,SEMARANG,BR,3000,10500
M-BKS-008,PONDOK MELATI,KOTA BEKASI,SERANG,BR,3000,10500
M-BKS-008,PONDOK MELATI,KOTA BEKASI,SEMARANG,BR,1500,10500
M-BKS-075,PONDOKGEDE,KOTA BEKASI,BEKASI,BR,2500,8750
M-BKS-075,PONDOKGEDE,KOTA BEKASI,SUBANG,BR,2500,8750
M-JKB-048,GROGOL PETAMBURAN,JAKARTA BARAT,CIREBON,AK,250,250
M-JKB-054,TAMBORA,JAKARTA BARAT,BANYUMAS,DU,70,0
M-JKB-054,TAMBORA,JAKARTA BARAT,CILACAP,DU,70,0
M-JKB-054,TAMBORA,JAKARTA BARAT,TANGERANG,DU,70,0
M-JKB-054,TAMBORA,JAKARTA BARAT,SERANG,DU,60,0
M-JKB-054,TAMBORA,JAKARTA BARAT,SUKABUMI,BR,125,875
M-JKB-054,TAMBORA,JAKARTA BARAT,JAKARTA TIMUR,BR,75,525
M-JKB-054,TAMBORA,JAKARTA BARAT,TASIKMALAYA,BR,50,350
M-JKB-054,TAMBORA,JAKARTA BARAT,SUKABUMI,BR,50,350
M-JKB-054,TAMBORA,JAKARTA BARAT,TASIKMALAYA,BR,150,1050
M-JKB-046,KEBON JERUK,JAKARTA BARAT,SERANG,BR,350,175
M-JKB-046,KEBON JERUK,JAKARTA BARAT,TANGERANG,BR,350,175
M-JKB-047,KEBON JERUK,JAKARTA BARAT,TANGERANG,BR,4000,12000
M-JKB-047,KEBON JERUK,JAKARTA BARAT,SUKABUMI,BR,4000,12000
M-JKB-061,KEMBANGAN,JAKARTA BARAT,SUKABUMI,BR,10000,10000
M-JKB-061,KEMBANGAN,JAKARTA BARAT,SERANG,BR,3000,3000
M-JKB-061,KEMBANGAN,JAKARTA BARAT,PANDEGLANG,BR,3000,3000
M-JKB-061,KEMBANGAN,JAKARTA BARAT,CIANJUR,BR,3000,3000
M-JKB-061,KEMBANGAN,JAKARTA BARAT,BOGOR,BR,3000,3000
M-JKB-061,KEMBANGAN,JAKARTA BARAT,TANGERANG,BR,3000,3000
M-JKB-061,KEMBANGAN,JAKARTA BARAT,TASIKMALAYA,BR,2500,2500
M-JKB-061,KEMBANGAN,JAKARTA BARAT,BANYUMAS,BR,2500,2500
M-JKB-027,KEBON JERUK,JAKARTA BARAT,BANYUMAS,AK,300,300
M-JKB-026,KEBON JERUK,JAKARTA BARAT,BANDUNG,BR,300,150
M-JKB-026,KEBON JERUK,JAKARTA BARAT,SERANG,BR,300,150
M-JKB-026,KEBON JERUK,JAKARTA BARAT,TANGERANG,BR,150,150
M-JKB-045,KEBON JERUK,JAKARTA BARAT,BANDUNG,BR,250,125
M-JKB-045,KEBON JERUK,JAKARTA BARAT,SERANG,BR,250,125
M-BKS-064,BEKASI TIMUR,KOTA BEKASI,BEKASI,BR,500,3500
M-BKS-090,RAWALUMBU,KOTA BEKASI,KARAWANG,BR,1000,7000
M-BKS-091,BEKASI TIMUR,KOTA BEKASI,CIREBON,BR,1500,10500
M-BKS-091,BEKASI TIMUR,KOTA BEKASI,BANDUNG,BR,2000,14000
M-BGR-008,KOTA BOGOR SELATAN,KOTA BOGOR,BOGOR,BR,10800,75600
M-BGR-008,KOTA BOGOR SELATAN,KOTA BOGOR,TASIKMALAYA,BR,7200,50400
D-BGR-106,BOJONG GEDE,BOGOR,CIANJUR,BR,500,1500
D-BGR-106,BOJONG GEDE,BOGOR,SUKABUMI,BR,500,2000
D-BGR-110,BOJONG GEDE,BOGOR,BOGOR,BR,150,1050
D-BGR-117,BOJONG GEDE,BOGOR,BOGOR,BR,150,900
D-BGR-117,BOJONG GEDE,BOGOR,KOTA DEPOK,BR,150,150
M-JKB-008,CENGKARENG,JAKARTA BARAT,TANGERANG,BR,600,4200
M-JKB-008,CENGKARENG,JAKARTA BARAT,TANGERANG,BR,800,5600
M-JKB-008,CENGKARENG,JAKARTA BARAT,BOGOR,BR,300,2100
M-JKB-007,CENGKARENG,JAKARTA BARAT,SERANG,BR,4000,28000
M-JKB-038,CENGKARENG,JAKARTA BARAT,BANDUNG,BR,3000,21000
M-JKB-006,CENGKARENG,JAKARTA BARAT,BOGOR,BR,1200,2400
M-JKB-006,CENGKARENG,JAKARTA BARAT,TANGERANG,BR,1200,6000
M-JKB-013,TAMBORA,JAKARTA BARAT,TASIKMALAYA,BR,50,350
M-JKU-069,PENJARINGAN,JAKARTA UTARA,CIAMIS,BR,1000,7000
D-BGR-126,BOJONG GEDE,BOGOR,BOGOR,BR,120,279,99996
D-BGR-126,BOJONG GEDE,BOGOR,SUKABUMI,BR,120,279,99996
D-BGR-126,BOJONG GEDE,BOGOR,TANGERANG,BR,120,279,99996
D-BGR-126,BOJONG GEDE,BOGOR,BOGOR,BR,20,140
D-BGR-117,BOJONG GEDE,BOGOR,BOGOR,BR,160,480
D-BGR-109,BOJONG GEDE,BOGOR,BOGOR,BR,600,4200
M-BGR-014,KOTA BOGOR TENGAH,KOTA BOGOR,BOGOR,AK,20,60
M-BGR-014,KOTA BOGOR TENGAH,KOTA BOGOR,BOGOR,AK,20,140
M-BGR-014,KOTA BOGOR TENGAH,KOTA BOGOR,BOGOR,AK,5,35
D-BGR-125,BOJONG GEDE,BOGOR,BOGOR,BR,300,900
D-BGR-125,BOJONG GEDE,BOGOR,BOGOR,BR,300,900
M-JKB-050,GROGOL PETAMBURAN,JAKARTA BARAT,BOGOR,BR,500,500
M-JKB-060,TAMAN SARI,JAKARTA BARAT,BANYUMAS,AK,150,0
D-BGR-117,BOJONG GEDE,BOGOR,JAKARTA PUSAT,BR,100,700
D-BGR-105,BOJONG GEDE,BOGOR,LAMPUNG SELATAN,BR,1700,5100
D-BGR-105,BOJONG GEDE,BOGOR,CIANJUR,BR,1700,2266,6661
D-BGR-105,BOJONG GEDE,BOGOR,BANDUNG,BR,1700,2266,6661
D-BGR-105,BOJONG GEDE,BOGOR,SUKABUMI,BR,1700,2266,6661
D-BGR-114,BOJONG GEDE,BOGOR,KOTA DEPOK,BR,60,420
M-JKP-047,CEMPAKA PUTIH,JAKARTA PUSAT,SUKABUMI,BR,1000,7000
M-JKP-047,CEMPAKA PUTIH,JAKARTA PUSAT,SERANG,BR,1000,7000
M-JKP-047,CEMPAKA PUTIH,JAKARTA PUSAT,SUBANG,BR,1000,4000
M-JKP-047,CEMPAKA PUTIH,JAKARTA PUSAT,CIANJUR,BR,1000,3000
D-BGR-117,BOJONG GEDE,BOGOR,BOGOR,BR,250,750
D-BGR-117,BOJONG GEDE,BOGOR,BOGOR,BR,250,500
D-BGR-117,BOJONG GEDE,BOGOR,KOTA DEPOK,BR,250,500
M-BKS-086,RAWALUMBU,KOTA BEKASI,BOGOR,BR,1000,7000
M-BKS-086,RAWALUMBU,KOTA BEKASI,BEKASI,BR,400,2800
M-BKS-089,BANTARGEBANG,KOTA BEKASI,SUBANG,BR,874,3496
M-BKS-089,BANTARGEBANG,KOTA BEKASI,BANDUNG,BR,800,2400
M-BKS-025,BEKASI BARAT,KOTA BEKASI,BANDUNG,BR,2300,8050
M-BKS-025,BEKASI BARAT,KOTA BEKASI,TASIKMALAYA,BR,2300,8050
M-BKS-025,BEKASI BARAT,KOTA BEKASI,TASIKMALAYA,BR,2000,14000
D-BGR-026,CIBINONG,BOGOR,BOGOR,BR,1000,7000
D-BGR-026,CIBINONG,BOGOR,BOGOR,BR,1000,7000
D-BGR-016,CIBINONG,BOGOR,BOGOR,BR,45,315
D-BGR-030,CIBINONG,BOGOR,BOGOR,BR,1200,8400
D-BGR-029,CIBINONG,BOGOR,BOGOR,BR,2000,14000
D-BGR-018,CIBINONG,BOGOR,KOTA BOGOR,BR,500,3500
M-TGR-124,BATUCEPER,KOTA TANGERANG,TANGERANG,BR,500,3500
D-BGR-017,CIBINONG,BOGOR,BOGOR,BR,800,4000
D-BGR-017,CIBINONG,BOGOR,BOGOR,BR,800,1600
D-BGR-033,CIBINONG,BOGOR,BOGOR,BR,300,2100
M-TGR-045,BATUCEPER,KOTA TANGERANG,BANDUNG,BR,200,1400
M-TGR-045,BATUCEPER,KOTA TANGERANG,TANGERANG,BR,100,700
D-BGR-033,CIBINONG,BOGOR,BOGOR,BR,1000,7000
M-TGR-074,BATUCEPER,KOTA TANGERANG,KOTA TANGERANG,LA,30,210
M-TGR-074,BATUCEPER,KOTA TANGERANG,KOTA TANGERANG,LA,30,210
M-JKS-077-1,KEBAYORAN LAMA,JAKARTA SELATAN,TANGERANG,BR,1000,5000
M-JKS-077-1,KEBAYORAN LAMA,JAKARTA SELATAN,SERANG,BR,1000,2000
M-JKS-077-3,KEBAYORAN LAMA,JAKARTA SELATAN,BOGOR,BR,2000,10000
M-JKS-077-3,KEBAYORAN LAMA,JAKARTA SELATAN,SUKABUMI,BR,2000,4000
M-JKS-077-2,KEBAYORAN LAMA,JAKARTA SELATAN,BOGOR,BR,700,3500
M-JKS-077-2,KEBAYORAN LAMA,JAKARTA SELATAN,KOTA SERANG,BR,700,1400
D-BGR-002,CISEENG,BOGOR,BOGOR,BR,100,350
D-BGR-002,CISEENG,BOGOR,SUKABUMI,BR,100,350
M-JKS-055,KEBAYORAN LAMA,JAKARTA SELATAN,TANGERANG,BR,1200,8400
M-JKS-054,KEBAYORAN LAMA,JAKARTA SELATAN,MAGELANG,BR,1000,3500
M-JKS-054,KEBAYORAN LAMA,JAKARTA SELATAN,TANGERANG,BR,1000,3500
M-JKS-054,KEBAYORAN LAMA,JAKARTA SELATAN,TANGERANG,LA,1300,4550
M-JKS-054,KEBAYORAN LAMA,JAKARTA SELATAN,MAGELANG,LA,1300,4550
M-JKS-056,KEBAYORAN LAMA,JAKARTA SELATAN,KOTA PALEMBANG,LA,1000,7000
D-BKS-048,KEDUNGWARINGIN,BEKASI,KARAWANG,BR,600,0
M-JKS-063,KEBAYORAN LAMA,JAKARTA SELATAN,TANGERANG,BR,500,3500
M-JKS-057,KEBAYORAN LAMA,JAKARTA SELATAN,TANGERANG,BR,500,3500
M-JKS-057,KEBAYORAN LAMA,JAKARTA SELATAN,KOTA PALEMBANG,LA,1000,7000
D-BGR-206,CISEENG,BOGOR,INDRAMAYU,BR,2000,8000
D-BGR-206,CISEENG,BOGOR,INDRAMAYU,BR,2000,6000
D-BGR-212,CISEENG,BOGOR,BOGOR,BR,500,2000
D-BKS-065,CIKARANG UTARA,BEKASI,BOGOR,LA,1100,3300
D-BGR-223,CIOMAS,BOGOR,BOGOR,BR,700,1750
D-BGR-223,CIOMAS,BOGOR,SUKABUMI,BR,700,1750
D-BGR-223,CIOMAS,BOGOR,SUKABUMI,BR,500,1000
D-BGR-223,CIOMAS,BOGOR,BOGOR,AK,50,50
D-BGR-223,CIOMAS,BOGOR,SUKABUMI,DU,60,180
D-BGR-227,CIOMAS,BOGOR,BOGOR,BR,300,600
D-BGR-227,CIOMAS,BOGOR,CIANJUR,BR,300,600
D-BGR-227,CIOMAS,BOGOR,BOGOR,AK,5,5
D-BGR-225,CIOMAS,BOGOR,BOGOR,BR,30,30
D-BGR-225,CIOMAS,BOGOR,BOGOR,BR,30,30
D-BGR-037,CIBINONG,BOGOR,BOGOR,AK,15,105
D-BGR-037,CIBINONG,BOGOR,BOGOR,DU,10,30
D-BGR-032,CIBINONG,BOGOR,BOGOR,BR,400,2800
D-BGR-021,CIBINONG,BOGOR,KOTA TANGERANG,BR,1500,4500
D-BGR-021,CIBINONG,BOGOR,SUKABUMI,BR,1500,4500
D-BGR-021,CIBINONG,BOGOR,BOGOR,BR,1500,4500
D-BGR-021,CIBINONG,BOGOR,BOGOR,BR,500,2000
D-BGR-134,CITEUREUP,BOGOR,CIANJUR,BR,1000,5000
D-BGR-134,CITEUREUP,BOGOR,SUKABUMI,BR,4000,20000
D-BGR-134,CITEUREUP,BOGOR,BOGOR,BR,1000,5000
M-TGR-084,KARAWACI,KOTA TANGERANG,TANGERANG,AK,35,245
M-TGR-084,KARAWACI,KOTA TANGERANG,TANGERANG,DU,35,245
M-TGR-084,KARAWACI,KOTA TANGERANG,KOTA TANGERANG,LA,35,35
M-TGR-074,BATUCEPER,KOTA TANGERANG,KOTA TANGERANG,AK,5,15
M-TGR-074,BATUCEPER,KOTA TANGERANG,KOTA TANGERANG,DU,10,70
M-TGR-074,BATUCEPER,KOTA TANGERANG,KOTA TANGERANG,AK,10,70
M-TGR-074,BATUCEPER,KOTA TANGERANG,KOTA TANGERANG,DU,5,35
M-TGR-074,BATUCEPER,KOTA TANGERANG,KOTA TANGERANG,AK,10,70
M-TGR-074,BATUCEPER,KOTA TANGERANG,KOTA TANGERANG,DU,10,70
M-TGR-046,BATUCEPER,KOTA TANGERANG,TANGERANG,AK,5,35
M-TGR-046,BATUCEPER,KOTA TANGERANG,KOTA TANGERANG,DU,20,140
M-TGR-044,BATUCEPER,KOTA TANGERANG,BOGOR,BR,675,4725
M-TGR-044,BATUCEPER,KOTA TANGERANG,KOTA TANGERANG,BR,650,4550
M-JKS-051,KEBAYORAN LAMA,JAKARTA SELATAN,BOGOR,BR,2000,6000
M-JKS-051,KEBAYORAN LAMA,JAKARTA SELATAN,TANGERANG,BR,2000,6000
M-JKS-051,KEBAYORAN LAMA,JAKARTA SELATAN,SUKABUMI,BR,2000,2000
M-JKS-049,KEBAYORAN LAMA,JAKARTA SELATAN,SUBANG,BR,800,3200
M-JKS-049,KEBAYORAN LAMA,JAKARTA SELATAN,BOGOR,BR,800,800
M-JKS-049,KEBAYORAN LAMA,JAKARTA SELATAN,SUKABUMI,BR,800,800
M-JKS-049,KEBAYORAN LAMA,JAKARTA SELATAN,CIANJUR,BR,800,800
M-JKS-050,KEBAYORAN LAMA,JAKARTA SELATAN,SUKABUMI,BR,1100,3300
M-JKS-050,KEBAYORAN LAMA,JAKARTA SELATAN,SUKABUMI,BR,1100,2200
M-JKS-050,KEBAYORAN LAMA,JAKARTA SELATAN,BOGOR,BR,1100,1100
M-TGR-002,CIPONDOH,KOTA TANGERANG,SERANG,BR,4000,28000
M-TGR-002,CIPONDOH,KOTA TANGERANG,KOTA TANGERANG,BR,3000,21000
M-TGR-002,CIPONDOH,KOTA TANGERANG,TANGERANG,BR,500,3500
M-TGR-002,CIPONDOH,KOTA TANGERANG,KOTA TANGERANG,BR,500,3500
M-TGR-001,CIPONDOH,KOTA TANGERANG,CIANJUR,BR,200,800
M-TGR-001,CIPONDOH,KOTA TANGERANG,SUKABUMI,LA,50,350
M-TGR-001,CIPONDOH,KOTA TANGERANG,BOGOR,BR,200,600
M-JKS-071-6,KEBAYORAN LAMA,JAKARTA SELATAN,TANGERANG,BR,500,500
M-JKS-057,KEBAYORAN LAMA,JAKARTA SELATAN,TANGERANG,BR,500,500
M-JKS-065,KEBAYORAN LAMA,JAKARTA SELATAN,SERANG,BR,1500,499,99995
M-JKS-065,KEBAYORAN LAMA,JAKARTA SELATAN,BOGOR,BR,1500,499,99995
M-JKS-065,KEBAYORAN LAMA,JAKARTA SELATAN,TANGERANG,BR,1500,499,99995
M-JKS-065,KEBAYORAN LAMA,JAKARTA SELATAN,BOGOR,LA,800,800
D-BGR-048,DRAMAGA,BOGOR,BOGOR,BR,800,5600
D-BGR-230,DRAMAGA,BOGOR,BOGOR,BR,150,1050
M-JKS-077-5,KEBAYORAN LAMA,JAKARTA SELATAN,BOGOR,BR,350,2450
M-JKS-077-5,KEBAYORAN LAMA,JAKARTA SELATAN,BOGOR,BR,350,2450
M-JKS-077-5,KEBAYORAN LAMA,JAKARTA SELATAN,SERANG,BR,300,2100
M-JKS-071-2,KEBAYORAN LAMA,JAKARTA SELATAN,TANGERANG,BR,500,3500
M-JKS-071-2,KEBAYORAN LAMA,JAKARTA SELATAN,BOGOR,BR,500,3500
M-JKS-065,KEBAYORAN LAMA,JAKARTA SELATAN,TANGERANG,BR,500,1500
M-JKS-065,KEBAYORAN LAMA,JAKARTA SELATAN,BOGOR,BR,500,2000
M-TGR-081,TANGERANG,KOTA TANGERANG,SERANG,BR,2500,8750
M-TGR-081,TANGERANG,KOTA TANGERANG,TANGERANG,BR,2500,8750
M-JKS-068,KEBAYORAN LAMA,JAKARTA SELATAN,TANGERANG,BR,800,4000
M-JKS-068,KEBAYORAN LAMA,JAKARTA SELATAN,BOGOR,BR,800,1600
M-TGR-081,TANGERANG,KOTA TANGERANG,SERANG,BR,3000,10500
M-TGR-081,TANGERANG,KOTA TANGERANG,TANGERANG,BR,3000,10500
M-TGR-081,TANGERANG,KOTA TANGERANG,TANGERANG,BR,3000,21000
M-JKS-024,PASAR MINGGU,JAKARTA SELATAN,KOTA SERANG,BR,4000,20000
M-JKS-024,PASAR MINGGU,JAKARTA SELATAN,BOGOR,BR,4000,4000
M-JKS-024,PASAR MINGGU,JAKARTA SELATAN,KARAWANG,BR,4000,4000
M-JKS-085,PASAR MINGGU,JAKARTA SELATAN,JAKARTA SELATAN,BR,100,100
M-TGR-054,PERIUK,KOTA TANGERANG,SERANG,BR,600,4200
M-TGR-054,PERIUK,KOTA TANGERANG,SERANG,BR,600,4200
M-JKS-085,PASAR MINGGU,JAKARTA SELATAN,JAKARTA SELATAN,BR,105,105
M-TGR-104,PINANG,KOTA TANGERANG,,AK,140,140
M-TGR-104,PINANG,KOTA TANGERANG,,LA,20,20
M-TGR-104,PINANG,KOTA TANGERANG,,DU,20,20
D-BGR-247,CARINGIN,BOGOR,SUKABUMI,BR,600,3000
D-BGR-247,CARINGIN,BOGOR,BOGOR,BR,600,1200
D-BGR-163,CIGOMBONG,BOGOR,BOGOR,BR,200,600
D-BGR-163,CIGOMBONG,BOGOR,CIANJUR,BR,200,400
M-TGR-090,CIBODAS,KOTA TANGERANG,TANGERANG,BR,700,2450
M-TGR-090,CIBODAS,KOTA TANGERANG,KOTA TANGERANG,BR,700,2450
M-JKS-003,KEBAYORAN LAMA,JAKARTA SELATAN,TANGERANG,BR,500,500
M-JKS-071-1,KEBAYORAN LAMA,JAKARTA SELATAN,TANGERANG,BR,500,500
M-JKS-071-3,KEBAYORAN LAMA,JAKARTA SELATAN,CIANJUR,BR,800,2800
M-JKS-071-3,KEBAYORAN LAMA,JAKARTA SELATAN,KOTA PALEMBANG,BR,800,2800
M-JKS-071-3,KEBAYORAN LAMA,JAKARTA SELATAN,BOGOR,LA,500,0
M-JKS-057,KEBAYORAN LAMA,JAKARTA SELATAN,TANGERANG,BR,800,5600
M-JKS-069,KEBAYORAN LAMA,JAKARTA SELATAN,BOGOR,LA,500,0
M-JKS-071-4,KEBAYORAN LAMA,JAKARTA SELATAN,BOGOR,BR,900,6300
D-BGR-211,PARUNG,BOGOR,BOGOR,BR,500,2000
D-BGR-206,CISEENG,BOGOR,SERANG,BR,2000,14000
D-BGR-121,BOJONG GEDE,BOGOR,BOGOR,BR,105,735
M-BKS-016,JATIASIH,KOTA BEKASI,BOGOR,BR,500,3500
D-BGR-209,PARUNG,BOGOR,SUKABUMI,BR,3000,3000
D-BGR-209,PARUNG,BOGOR,PANDEGLANG,BR,3000,3000
D-BGR-209,PARUNG,BOGOR,BOGOR,BR,3000,3000
D-BGR-214,CIBUNGBULANG,BOGOR,BOGOR,BR,500,1000
D-BGR-214,CIBUNGBULANG,BOGOR,BOGOR,BR,500,1000
D-BGR-214,CIBUNGBULANG,BOGOR,TANGERANG,BR,500,1000
D-BGR-214,CIBUNGBULANG,BOGOR,BOGOR,BR,500,500
D-BGR-214,CIBUNGBULANG,BOGOR,BOGOR,BR,1000,2000
D-BGR-214,CIBUNGBULANG,BOGOR,BOGOR,BR,1000,1000
D-BGR-214,CIBUNGBULANG,BOGOR,LEBAK,BR,1000,3000
D-BGR-214,CIBUNGBULANG,BOGOR,LEBAK,BR,1000,1000
D-BGR-173,CIBUNGBULANG,BOGOR,BOGOR,AK,15,45
D-BGR-173,CIBUNGBULANG,BOGOR,BOGOR,DU,10,20
M-JKS-047,KEBAYORAN BARU,JAKARTA SELATAN,BOGOR,BR,300,2100
M-JKS-047,KEBAYORAN BARU,JAKARTA SELATAN,BOGOR,BR,400,2800
M-BKS-084,JATISAMPURNA,KOTA BEKASI,KARAWANG,BR,300,1050
M-BKS-084,JATISAMPURNA,KOTA BEKASI,KOTA DEPOK,BR,300,1050
M-TGR-122,PINANG,KOTA TANGERANG,BOGOR,BR,150,1050
M-TGR-122,PINANG,KOTA TANGERANG,KOTA TANGERANG SELATAN,BR,100,700
M-JKS-023,PASAR MINGGU,JAKARTA SELATAN,JAKARTA SELATAN,BR,4000,4000
D-BKS-045,KEDUNGWARINGIN,BEKASI,KARAWANG,LA,500,166,66665
D-BKS-045,KEDUNGWARINGIN,BEKASI,PURWAKARTA,LA,500,166,66665
D-BKS-045,KEDUNGWARINGIN,BEKASI,SUBANG,LA,500,166,66665
M-JKS-085,PASAR MINGGU,JAKARTA SELATAN,BANYUMAS,BR,8600,8600
D-BKS-065,CIKARANG UTARA,BEKASI,BOGOR,AK,300,150
D-BKS-065,CIKARANG UTARA,BEKASI,TASIKMALAYA,AK,300,150
M-JKS-064,KEBAYORAN LAMA,JAKARTA SELATAN,BOGOR,BR,500,500
M-JKS-064,KEBAYORAN LAMA,JAKARTA SELATAN,SUKABUMI,BR,500,500
M-JKS-045,KEBAYORAN BARU,JAKARTA SELATAN,SERANG,BR,200,100
M-JKS-045,KEBAYORAN BARU,JAKARTA SELATAN,BOGOR,BR,200,100
M-TGR-049,CILEDUG,KOTA TANGERANG,SERANG,BR,1500,4500
M-TGR-049,CILEDUG,KOTA TANGERANG,PANDEGLANG,BR,1500,4500
M-TGR-049,CILEDUG,KOTA TANGERANG,LEBAK,BR,1500,1500
M-JKS-047,KEBAYORAN BARU,JAKARTA SELATAN,TANGERANG,BR,800,800
M-TGR-123,CILEDUG,KOTA TANGERANG,TANGERANG,BR,400,600
M-TGR-123,CILEDUG,KOTA TANGERANG,BOGOR,BR,400,600
M-TGR-123,CILEDUG,KOTA TANGERANG,TANGERANG,BR,400,400
M-JKS-047,KEBAYORAN BARU,JAKARTA SELATAN,BOGOR,BR,500,500
M-TGR-026,PINANG,KOTA TANGERANG,SUMEDANG,BR,500,1166,6665
M-TGR-026,PINANG,KOTA TANGERANG,PURWAKARTA,BR,500,1166,6665
M-TGR-026,PINANG,KOTA TANGERANG,SUBANG,BR,500,1166,6665
M-TGR-026,PINANG,KOTA TANGERANG,SUBANG,BR,500,3500
M-TGR-026,PINANG,KOTA TANGERANG,SUBANG,BR,500,1166,6665
M-TGR-026,PINANG,KOTA TANGERANG,BANDUNG,BR,500,1166,6665
M-TGR-026,PINANG,KOTA TANGERANG,SUMEDANG,BR,500,1166,6665
M-TGR-047,CILEDUG,KOTA TANGERANG,KOTA TANGERANG,AK,10,70
M-TGR-049,CILEDUG,KOTA TANGERANG,SUKABUMI,BR,1000,3500
M-TGR-049,CILEDUG,KOTA TANGERANG,KOTA SERANG,BR,1000,3500
D-BKS-011,BABELAN,BEKASI,JAKARTA TIMUR,BR,70,490
D-BKS-011,BABELAN,BEKASI,JAKARTA TIMUR,AK,,
D-BKS-011,BABELAN,BEKASI,KARAWANG,BR,50,350
D-BKS-020,TAMBUN SELATAN,BEKASI,BANDUNG,BR,1800,5400
M-JKS-097,TEBET,JAKARTA SELATAN,JAKARTA TIMUR,BR,50,50
M-JKS-097,TEBET,JAKARTA SELATAN,JAKARTA TIMUR,LA,50,50
M-JKS-097,TEBET,JAKARTA SELATAN,JAKARTA PUSAT,BR,450,450
M-JKS-097,TEBET,JAKARTA SELATAN,JAKARTA PUSAT,LA,50,50
D-BKS-051,KEDUNGWARINGIN,BEKASI,KARAWANG,BR,500,500
D-BKS-051,KEDUNGWARINGIN,BEKASI,SUBANG,BR,500,500
D-BKS-051,KEDUNGWARINGIN,BEKASI,BOGOR,BR,500,500
D-BKS-048,KEDUNGWARINGIN,BEKASI,BOGOR,BR,500,1000
D-BKS-048,KEDUNGWARINGIN,BEKASI,SUBANG,BR,500,1000
D-BKS-065,CIKARANG UTARA,BEKASI,BOGOR,BR,1000,2333,333
D-BKS-065,CIKARANG UTARA,BEKASI,SUKABUMI,BR,1000,2333,333
D-BKS-065,CIKARANG UTARA,BEKASI,SUBANG,BR,1000,2333,333
M-JKS-097,TEBET,JAKARTA SELATAN,BOGOR,BR,250,583,33325
M-JKS-097,TEBET,JAKARTA SELATAN,KOTA DEPOK,BR,250,583,33325
M-JKS-097,TEBET,JAKARTA SELATAN,BEKASI,BR,250,583,33325
D-BKS-065,CIKARANG UTARA,BEKASI,LAMPUNG TIMUR,BR,300,450
D-BKS-065,CIKARANG UTARA,BEKASI,SUKABUMI,BR,300,450
M-JKS-015,TEBET,JAKARTA SELATAN,JAKARTA TIMUR,LA,60,240
M-JKS-015,TEBET,JAKARTA SELATAN,JAKARTA PUSAT,LA,60,180
M-JKS-015,TEBET,JAKARTA SELATAN,JAKARTA TIMUR,BR,150,150
M-JKS-015,TEBET,JAKARTA SELATAN,JAKARTA TIMUR,BR,200,1400
M-JKS-015,TEBET,JAKARTA SELATAN,JAKARTA TIMUR,BR,400,2800
M-JKS-010,JAGAKARSA,JAKARTA SELATAN,BOGOR,BR,200,1400
M-JKS-010,JAGAKARSA,JAKARTA SELATAN,BOGOR,BR,600,4200
M-JKS-014,JAGAKARSA,JAKARTA SELATAN,SUKABUMI,BR,300,1200
M-JKS-014,JAGAKARSA,JAKARTA SELATAN,TANGERANG,BR,300,900
M-TGR-049,CILEDUG,KOTA TANGERANG,TANGERANG,BR,300,2100
M-JKS-010,JAGAKARSA,JAKARTA SELATAN,BOGOR,BR,300,300
M-JKS-085,JAGAKARSA,JAKARTA SELATAN,BOGOR,BR,700,700
M-JKS-007,JAGAKARSA,JAKARTA SELATAN,BOGOR,BR,700,700
D-BKS-025,TARUMAJAYA,BEKASI,BEKASI,AK,10,70
D-BGR-218,CIBUNGBULANG,BOGOR,BOGOR,BR,400,1600
D-BGR-218,CIBUNGBULANG,BOGOR,BOGOR,BR,400,1200
M-JKS-086,JAGAKARSA,JAKARTA SELATAN,BOGOR,BR,600,600
M-JKS-086,JAGAKARSA,JAKARTA SELATAN,BOGOR,BR,150,150
D-BKS-032,TARUMAJAYA,BEKASI,BEKASI,AK,10,70
D-BKS-032,TARUMAJAYA,BEKASI,BEKASI,DU,10,70
M-JKS-084,JAGAKARSA,JAKARTA SELATAN,BOGOR,BR,500,1500
M-JKS-084,JAGAKARSA,JAKARTA SELATAN,KOTA DEPOK,BR,500,2000
D-BKS-024,TARUMAJAYA,BEKASI,BEKASI,AK,50,350
D-BKS-024,TARUMAJAYA,BEKASI,BEKASI,DU,50,350
D-BGR-031,CIBINONG,BOGOR,BOGOR,BR,700,4900
D-BGR-217,CIBUNGBULANG,BOGOR,BOGOR,BR,200,1400
D-BGR-214,CIBUNGBULANG,BOGOR,BOGOR,BR,1000,7000
D-BGR-138,KELAPA NUNGGAL,BOGOR,BOGOR,BR,250,250
D-BGR-236,CILEUNGSI,BOGOR,BOGOR,AK,50,350
D-BGR-236,CILEUNGSI,BOGOR,BOGOR,DU,20,140
M-TGR-106,PINANG,KOTA TANGERANG,TANGERANG,AK,40,280
M-TGR-106,PINANG,KOTA TANGERANG,TANGERANG,DU,10,70
M-TGR-106,PINANG,KOTA TANGERANG,TANGERANG,LA,10,70
M-TGR-106,PINANG,KOTA TANGERANG,TANGERANG,AK,40,280
M-TGR-106,PINANG,KOTA TANGERANG,TANGERANG,DU,5,35
M-TGR-106,PINANG,KOTA TANGERANG,TANGERANG,LA,10,70
M-TGR-107,PINANG,KOTA TANGERANG,TASIKMALAYA,LA,250,875
M-TGR-107,PINANG,KOTA TANGERANG,KOTA METRO,LA,250,875
M-TGR-107,PINANG,KOTA TANGERANG,SERANG,DU,200,700
M-TGR-107,PINANG,KOTA TANGERANG,TANGERANG,DU,200,700
D-BKS-027,TARUMAJAYA,BEKASI,BEKASI,AK,20,140
D-BKS-031,TARUMAJAYA,BEKASI,BEKASI,BR,20,140
D-BKS-055,CIKARANG SELATAN,BEKASI,BEKASI,BR,500,1750
D-BKS-055,CIKARANG SELATAN,BEKASI,PURWAKARTA,BR,500,1750
M-JKS-097,MAMPANG PRAPATAN,JAKARTA SELATAN,BEKASI,BR,380,380
M-JKS-097,MAMPANG PRAPATAN,JAKARTA SELATAN,JAKARTA BARAT,BR,20,20
M-JKS-095,PESANGGRAHAN,JAKARTA SELATAN,TANGERANG,BR,800,5600
D-BGR-236,CIAWI,BOGOR,,BR,180,540
D-BGR-171,LEUWILIANG,BOGOR,LEBAK,BR,200,800
D-BGR-171,LEUWILIANG,BOGOR,BOGOR,BR,200,600
D-BGR-222,LEUWISADENG,BOGOR,BOGOR,BR,400,1600
D-BGR-222,LEUWISADENG,BOGOR,BOGOR,BR,400,1200
D-BGR-188,CIGUDEG,BOGOR,BOGOR,LA,75,150
D-BGR-188,CIGUDEG,BOGOR,TANGERANG,LA,75,150
D-BGR-195,JASINGA,BOGOR,CIANJUR,LA,1000,2000
D-BGR-195,JASINGA,BOGOR,SUKABUMI,LA,1000,1000
M-JKS-097,MAMPANG PRAPATAN,JAKARTA SELATAN,JAKARTA TIMUR,BR,700,700
D-BGR-236,CIAWI,BOGOR,,BR,30,210
D-BGR-236,CILEUNGSI,BOGOR,BOGOR,AK,30,60
M-JKB-058,KALI DERES,JAKARTA BARAT,KOTA SERANG,BR,1500,5250
M-JKB-058,KALI DERES,JAKARTA BARAT,TANGERANG,BR,1500,5250
D-BGR-130,CILEUNGSI,BOGOR,BOGOR,BR,1800,12600
D-BGR-131,CILEUNGSI,BOGOR,BOGOR,BR,1000,5000
D-BGR-132,CILEUNGSI,BOGOR,BOGOR,BR,600,4200
M-JKB-023,KALI DERES,JAKARTA BARAT,TASIKMALAYA,BR,5000,5000
M-JKB-059,KALI DERES,JAKARTA BARAT,CIREBON,BR,2000,8000
M-JKB-059,KALI DERES,JAKARTA BARAT,SUMEDANG,BR,2000,6000
M-JKB-059,KALI DERES,JAKARTA BARAT,TASIKMALAYA,BR,500,500
M-TGR-097,NEGLASARI,KOTA TANGERANG,BOGOR,BR,1500,3000
M-JKB-039,CENGKARENG,JAKARTA BARAT,BOGOR,BR,600,4200
D-BKS-055,CIKARANG SELATAN,BEKASI,KARAWANG,AK,50,200
D-BKS-055,CIKARANG SELATAN,BEKASI,KARAWANG,DU,100,400
D-BKS-055,CIKARANG SELATAN,BEKASI,BOGOR,BR,500,3500
D-BKS-013,CIBARUSAH,BEKASI,BEKASI,BR,100,700
D-BKS-014,CIBARUSAH,BEKASI,SUBANG,BR,300,2100
D-BKS-017,CIBARUSAH,BEKASI,CIAMIS,BR,1800,5400
D-BKS-017,CIBARUSAH,BEKASI,TASIKMALAYA,BR,1500,6000
M-TGR-038,JATI UWUNG,KOTA TANGERANG,TANGERANG,BR,1500,1500
M-TGR-038,JATI UWUNG,KOTA TANGERANG,SERANG,BR,2000,2000
M-TGR-038,JATI UWUNG,KOTA TANGERANG,TANGERANG,BR,1500,1500
M-TGR-003,CIPONDOH,KOTA TANGERANG,KOTA TANGERANG,AK,7,14
M-TGR-003,CIPONDOH,KOTA TANGERANG,TANGERANG,DU,7,14
M-TGR-003,CIPONDOH,KOTA TANGERANG,KOTA TANGERANG,BR,30,30
M-JKT-012,PULO GADUNG,JAKARTA TIMUR,TASIKMALAYA,BR,7000,28000
M-JKT-012,PULO GADUNG,JAKARTA TIMUR,KOTA BANDAR LAMPUNG,BR,7000,14000
M-JKT-012,PULO GADUNG,JAKARTA TIMUR,CIREBON,BR,7000,7000
M-JKT-137,PULO GADUNG,JAKARTA TIMUR,SUBANG,LA,1000,4000
M-JKT-137,PULO GADUNG,JAKARTA TIMUR,KOTA SURABAYA,LA,1000,2000
M-JKT-137,PULO GADUNG,JAKARTA TIMUR,KOTA BANDAR LAMPUNG,LA,1000,1000
M-JKT-137,PULO GADUNG,JAKARTA TIMUR,CIANJUR,LA,750,3000
M-JKT-137,PULO GADUNG,JAKARTA TIMUR,SUKABUMI,LA,750,2250
D-TGR-063,TIGARAKSA,TANGERANG,LEBAK,BR,1500,1500
D-TGR-063,TIGARAKSA,TANGERANG,TANGERANG,BR,1500,1500
D-TGR-063,TIGARAKSA,TANGERANG,SERANG,BR,1500,3000
M-JKT-012,PULO GADUNG,JAKARTA TIMUR,CIREBON,BR,3000,9000
M-JKT-012,PULO GADUNG,JAKARTA TIMUR,BANDUNG,BR,3000,3000
M-JKT-012,PULO GADUNG,JAKARTA TIMUR,KOTA BANDAR LAMPUNG,BR,1500,6000
M-JKT-137,PULO GADUNG,JAKARTA TIMUR,CIREBON,BR,1500,7500
M-JKT-137,PULO GADUNG,JAKARTA TIMUR,BANDUNG,BR,1500,4500
M-JKT-137,PULO GADUNG,JAKARTA TIMUR,KOTA BANDAR LAMPUNG,BR,1500,4500
M-JKT-137,PULO GADUNG,JAKARTA TIMUR,TEGAL,BR,1500,4500
M-JKT-012,PULO GADUNG,JAKARTA TIMUR,TASIKMALAYA,BR,1500,4500
M-JKT-012,PULO GADUNG,JAKARTA TIMUR,BANDUNG,BR,1500,3000
M-JKT-012,PULO GADUNG,JAKARTA TIMUR,KOTA BANDAR LAMPUNG,BR,1500,3000
D-BKS-059,CIBARUSAH,BEKASI,BOGOR,BR,150,1050
M-BKS-044,BEKASI SELATAN,KOTA BEKASI,MAJALENGKA,BR,1500,10500
D-BKS-053,CIKARANG PUSAT,BEKASI,KARAWANG,BR,40,120
M-BKS-051,BEKASI UTARA,KOTA BEKASI,KARAWANG,BR,3500,10500
M-BKS-051,BEKASI UTARA,KOTA BEKASI,TASIKMALAYA,BR,3500,3500
M-BKS-051,BEKASI UTARA,KOTA BEKASI,SUBANG,BR,3500,3500
M-BKS-051,BEKASI UTARA,KOTA BEKASI,BOGOR,BR,3500,1750
M-BKS-051,BEKASI UTARA,KOTA BEKASI,TANGERANG,BR,3500,1750
M-BKS-051,BEKASI UTARA,KOTA BEKASI,BANDUNG,BR,3500,1750
M-BKS-051,BEKASI UTARA,KOTA BEKASI,INDRAMAYU,BR,3500,1750
M-JKT-137,PULO GADUNG,JAKARTA TIMUR,BANDUNG,BR,4000,8000
M-JKT-137,PULO GADUNG,JAKARTA TIMUR,TASIKMALAYA,BR,4000,12000
M-JKT-137,PULO GADUNG,JAKARTA TIMUR,CIREBON,BR,4000,8000
M-JKT-012,PULO GADUNG,JAKARTA TIMUR,BANDUNG,BR,2000,8000
M-JKT-012,PULO GADUNG,JAKARTA TIMUR,SEMARANG,BR,2000,6000
M-JKT-012,PULO GADUNG,JAKARTA TIMUR,CIREBON,BR,6000,24000
M-JKT-012,PULO GADUNG,JAKARTA TIMUR,SEMARANG,BR,6000,12000
M-JKT-012,PULO GADUNG,JAKARTA TIMUR,BANDUNG,BR,6000,6000
D-BGR-190,TENJO,BOGOR,BOGOR,BR,200,400
D-BGR-190,TENJO,BOGOR,TANGERANG,LA,300,600
D-BGR-223,PARUNG PANJANG,BOGOR,TANGERANG,BR,70,490
D-BGR-223,PARUNG PANJANG,BOGOR,BOGOR,BR,30,210
D-BGR-212,CISEENG,BOGOR,SUKABUMI,BR,1000,3000
D-BGR-212,CISEENG,BOGOR,SERANG,BR,1000,2000
D-BGR-212,CISEENG,BOGOR,BOGOR,BR,1000,2000
M-BKS-038,BANTARGEBANG,KOTA BEKASI,SUBANG,BR,60,210
M-BKS-038,BANTARGEBANG,KOTA BEKASI,KARAWANG,BR,60,210
D-BKS-061,CIKARANG TIMUR,BEKASI,KARAWANG,AK,,
D-BKS-061,CIKARANG TIMUR,BEKASI,KARAWANG,LA,150,1050
D-BKS-053,CIKARANG PUSAT,BEKASI,SUKABUMI,LA,400,800
D-BGR-233,CILEUNGSI,BOGOR,BOGOR,BR,1500,2250
D-BGR-233,CILEUNGSI,BOGOR,PURWAKARTA,BR,1500,2250
M-JKT-012,PULO GADUNG,JAKARTA TIMUR,BANDUNG,BR,1800,2700
M-JKT-012,PULO GADUNG,JAKARTA TIMUR,TASIKMALAYA,BR,1800,2700
M-JKT-012,PULO GADUNG,JAKARTA TIMUR,TASIKMALAYA,BR,1800,7200
D-BGR-129,CILEUNGSI,BOGOR,PURWAKARTA,BR,800,2800
D-BGR-129,CILEUNGSI,BOGOR,CIANJUR,BR,800,2800
M-JKT-012,PULO GADUNG,JAKARTA TIMUR,TASIKMALAYA,BR,2500,17500
M-JKT-012,PULO GADUNG,JAKARTA TIMUR,BANDUNG,BR,2500,17500
M-JKT-012,PULO GADUNG,JAKARTA TIMUR,BANDUNG,BR,2500,17500
M-JKT-137,PULO GADUNG,JAKARTA TIMUR,BANDUNG,BR,1800,12600
M-JKT-137,PULO GADUNG,JAKARTA TIMUR,CIREBON,BR,2000,14000
M-JKT-137,PULO GADUNG,JAKARTA TIMUR,CIANJUR,BR,2000,14000
M-JKT-012,PULO GADUNG,JAKARTA TIMUR,CIREBON,BR,2100,14700
M-JKT-012,PULO GADUNG,JAKARTA TIMUR,BANDUNG,BR,2100,14700
D-TGR-060,LEGOK,TANGERANG,TANGERANG,BR,1000,4000
D-TGR-060,LEGOK,TANGERANG,SERANG,BR,1000,2000
D-TGR-060,LEGOK,TANGERANG,KOTA SUKABUMI,BR,1000,1000
D-BGR-197,CISARUA,BOGOR,CIANJUR,BR,200,1400
D-TGR-029,KELAPA DUA,TANGERANG,SUBANG,BR,500,1750
D-TGR-029,KELAPA DUA,TANGERANG,TANGERANG,BR,500,1750
D-BGR-197,CISARUA,BOGOR,CIANJUR,BR,25,175
M-JKT-137,PULO GADUNG,JAKARTA TIMUR,CIREBON,BR,1800,7200
M-JKT-137,PULO GADUNG,JAKARTA TIMUR,TASIKMALAYA,BR,1800,5400
M-JKT-012,PULO GADUNG,JAKARTA TIMUR,BANDUNG,BR,1500,4500
M-JKT-012,PULO GADUNG,JAKARTA TIMUR,CIREBON,BR,1500,4500
M-JKT-012,PULO GADUNG,JAKARTA TIMUR,KOTA BANDAR LAMPUNG,BR,1500,1500
M-JKT-012,PULO GADUNG,JAKARTA TIMUR,SUBANG,BR,5000,20000
M-JKT-012,PULO GADUNG,JAKARTA TIMUR,BANDUNG,BR,5000,10000
M-JKT-012,PULO GADUNG,JAKARTA TIMUR,TASIKMALAYA,BR,5000,5000
M-JKT-012,PULO GADUNG,JAKARTA TIMUR,BANDUNG,BR,1500,6000
M-JKT-012,PULO GADUNG,JAKARTA TIMUR,CIREBON,BR,1500,3000
M-JKT-012,PULO GADUNG,JAKARTA TIMUR,KOTA BANDAR LAMPUNG,BR,1500,1500
M-JKT-012,PULO GADUNG,JAKARTA TIMUR,TASIKMALAYA,BR,5000,20000
M-JKT-012,PULO GADUNG,JAKARTA TIMUR,BANDUNG,BR,5000,15000
M-JKT-012,PULO GADUNG,JAKARTA TIMUR,TASIKMALAYA,BR,2000,6000
M-JKT-012,PULO GADUNG,JAKARTA TIMUR,BANDUNG,BR,2000,4000
M-JKT-012,PULO GADUNG,JAKARTA TIMUR,KOTA BANDAR LAMPUNG,BR,2000,4000
D-BGR-078,SUKAMAKMUR,BOGOR,BOGOR,AK,30,210
D-BGR-063,TANJUNGSARI,BOGOR,BOGOR,AK,5,35
M-JKT-012,PULO GADUNG,JAKARTA TIMUR,KOTA BANDAR LAMPUNG,BR,2500,2500
M-JKT-012,PULO GADUNG,JAKARTA TIMUR,CIREBON,BR,2500,7500
M-JKT-012,PULO GADUNG,JAKARTA TIMUR,BANDUNG,BR,2500,5000
M-JKT-012,PULO GADUNG,JAKARTA TIMUR,BANYUMAS,BR,2500,2500
M-JKT-012,PULO GADUNG,JAKARTA TIMUR,SEMARANG,BR,2500,2500
M-JKT-012,PULO GADUNG,JAKARTA TIMUR,SUKABUMI,BR,3000,9000
M-JKT-012,PULO GADUNG,JAKARTA TIMUR,TASIKMALAYA,BR,3000,6000
M-JKT-012,PULO GADUNG,JAKARTA TIMUR,BANDUNG,BR,3000,3000
M-JKT-012,PULO GADUNG,JAKARTA TIMUR,KEDIRI,BR,3000,3000
D-TGR-215,TELUKNAGA,TANGERANG,BOGOR,BR,1000,2333,333
D-TGR-215,TELUKNAGA,TANGERANG,SERANG,BR,1000,2333,333
D-TGR-215,TELUKNAGA,TANGERANG,TANGERANG,BR,1000,2333,333
D-BGR-228,CIOMAS,BOGOR,BOGOR,BR,30,30
D-BGR-228,CIOMAS,BOGOR,BOGOR,BR,30,30
D-BGR-049,CIAMPEA,BOGOR,BOGOR,AK,100,700
D-BGR-049,CIAMPEA,BOGOR,BOGOR,DU,70,210
D-BGR-049,CIAMPEA,BOGOR,SUKABUMI,BR,100,200
D-BGR-049,CIAMPEA,BOGOR,BOGOR,BR,100,200
D-BGR-049,CIAMPEA,BOGOR,BOGOR,BR,100,300
D-BGR-225,CIOMAS,BOGOR,BOGOR,BR,400,1200
D-BGR-225,CIOMAS,BOGOR,SUKABUMI,BR,400,800
D-BGR-225,CIOMAS,BOGOR,BOGOR,BR,400,400
D-BGR-225,CIOMAS,BOGOR,BOGOR,BR,400,400
D-BGR-181,PAMIJAHAN,BOGOR,BOGOR,BR,100,200
M-JKT-012,PULO GADUNG,JAKARTA TIMUR,TASIKMALAYA,BR,1600,4800
M-JKT-012,PULO GADUNG,JAKARTA TIMUR,BANDUNG,BR,1600,3200
M-JKT-012,PULO GADUNG,JAKARTA TIMUR,CIREBON,BR,1600,3200
M-JKT-012,PULO GADUNG,JAKARTA TIMUR,SUKABUMI,BR,800,3200
M-JKT-012,PULO GADUNG,JAKARTA TIMUR,BOGOR,BR,800,533,33336
M-JKT-012,PULO GADUNG,JAKARTA TIMUR,BANDUNG,BR,800,533,33336
M-JKT-012,PULO GADUNG,JAKARTA TIMUR,TASIKMALAYA,BR,800,533,33336
D-BGR-197,CISARUA,BOGOR,BOGOR,AK,1,7
D-BGR-197,CISARUA,BOGOR,BOGOR,LA,5,35
D-BGR-066,TANJUNGSARI,BOGOR,BOGOR,AK,15,105
D-BGR-064,TANJUNGSARI,BOGOR,CIANJUR,AK,80,560
D-BGR-064,TANJUNGSARI,BOGOR,BOGOR,AK,5,35
D-BGR-064,TANJUNGSARI,BOGOR,BOGOR,AK,15,105
M-JKT-012,PULO GADUNG,JAKARTA TIMUR,TASIKMALAYA,BR,2000,10000
M-JKT-012,PULO GADUNG,JAKARTA TIMUR,BANDUNG,BR,2000,4000
M-JKT-012,PULO GADUNG,JAKARTA TIMUR,SUBANG,BR,1500,6000
M-JKT-012,PULO GADUNG,JAKARTA TIMUR,INDRAMAYU,BR,1500,4500
M-JKT-137,PULO GADUNG,JAKARTA TIMUR,TASIKMALAYA,BR,3000,12000
M-JKT-137,PULO GADUNG,JAKARTA TIMUR,LAMPUNG BARAT,BR,3000,9000
M-JKT-137,PULO GADUNG,JAKARTA TIMUR,TASIKMALAYA,BR,2000,10000
M-JKT-137,PULO GADUNG,JAKARTA TIMUR,LAMPUNG BARAT,BR,2000,4000
M-JKT-137,PULO GADUNG,JAKARTA TIMUR,SUKABUMI,LA,800,2400
M-JKT-137,PULO GADUNG,JAKARTA TIMUR,BOGOR,LA,800,3200
M-JKT-137,PULO GADUNG,JAKARTA TIMUR,BREBES,LA,200,200
M-JKT-137,PULO GADUNG,JAKARTA TIMUR,TASIKMALAYA,LA,200,200
D-TGR-006,TELUKNAGA,TANGERANG,TANGERANG,AK,15,105
D-TGR-006,TELUKNAGA,TANGERANG,TANGERANG,DU,20,140
D-TGR-002,TELUKNAGA,TANGERANG,TANGERANG,AK,40,280
D-TGR-002,TELUKNAGA,TANGERANG,KOTA TANGERANG,AK,40,280
D-TGR-213,TELUKNAGA,TANGERANG,SERANG,BR,1000,3500
D-TGR-213,TELUKNAGA,TANGERANG,BOGOR,BR,1000,3500
D-TGR-214,TELUKNAGA,TANGERANG,TANGERANG,BR,500,2500
D-TGR-214,TELUKNAGA,TANGERANG,SERANG,BR,500,1000
M-JKT-137,PULO GADUNG,JAKARTA TIMUR,TASIKMALAYA,BR,1500,1500
M-JKT-137,PULO GADUNG,JAKARTA TIMUR,KOTA BANDAR LAMPUNG,BR,1500,1500
M-JKT-137,PULO GADUNG,JAKARTA TIMUR,PURWAKARTA,BR,1500,1500
M-JKT-137,PULO GADUNG,JAKARTA TIMUR,BANDUNG,BR,1500,1500
M-JKT-137,PULO GADUNG,JAKARTA TIMUR,TASIKMALAYA,BR,1500,1500
M-JKT-137,PULO GADUNG,JAKARTA TIMUR,KOTA BANDAR LAMPUNG,BR,1500,1500
M-JKT-137,PULO GADUNG,JAKARTA TIMUR,PURWAKARTA,BR,1500,1500
M-JKT-137,PULO GADUNG,JAKARTA TIMUR,BANDUNG,BR,1500,1500
M-JKT-137,PULO GADUNG,JAKARTA TIMUR,KOTA SURAKARTA,AK,650,650
D-TGR-023,RAJEG,TANGERANG,TANGERANG,BR,750,750
D-TGR-023,RAJEG,TANGERANG,KOTA TANGERANG,BR,500,3500
D-TGR-023,RAJEG,TANGERANG,TANGERANG,BR,500,1000
D-TGR-051,CIKUPA,TANGERANG,SERANG,BR,600,900
D-TGR-051,CIKUPA,TANGERANG,TANGERANG,BR,600,900
D-TGR-002,TELUKNAGA,TANGERANG,TANGERANG,AK,10,70
D-TGR-002,TELUKNAGA,TANGERANG,TANGERANG,AK,10,70
D-TGR-002,TELUKNAGA,TANGERANG,TANGERANG,AK,10,70
D-TGR-002,TELUKNAGA,TANGERANG,TANGERANG,AK,10,70
D-TGR-002,TELUKNAGA,TANGERANG,TANGERANG,AK,10,70
D-TGR-002,TELUKNAGA,TANGERANG,TANGERANG,AK,10,70
D-TGR-002,TELUKNAGA,TANGERANG,TANGERANG,AK,5,35
D-TGR-002,TELUKNAGA,TANGERANG,TANGERANG,AK,5,35
D-TGR-002,TELUKNAGA,TANGERANG,TANGERANG,AK,5,35
D-TGR-002,TELUKNAGA,TANGERANG,TANGERANG,AK,5,35
D-TGR-002,TELUKNAGA,TANGERANG,TANGERANG,AK,5,35
D-TGR-002,TELUKNAGA,TANGERANG,TANGERANG,AK,5,35
D-TGR-002,TELUKNAGA,TANGERANG,TANGERANG,AK,5,35
D-TGR-002,TELUKNAGA,TANGERANG,TANGERANG,AK,5,35
D-TGR-002,TELUKNAGA,TANGERANG,TANGERANG,AK,10,70
D-TGR-002,TELUKNAGA,TANGERANG,TANGERANG,AK,10,70
D-TGR-022,RAJEG,TANGERANG,BOGOR,BR,1400,3266,6662
D-TGR-022,RAJEG,TANGERANG,SERANG,BR,1400,3266,6662
D-TGR-022,RAJEG,TANGERANG,TANGERANG,BR,1400,3266,6662
D-TGR-216,RAJEG,TANGERANG,TANGERANG,BR,300,2100
D-TGR-216,RAJEG,TANGERANG,TANGERANG,BR,200,1400
D-TGR-216,RAJEG,TANGERANG,SERANG,BR,300,2100
M-TGR-074,BATUCEPER,KOTA TANGERANG,JAKARTA BARAT,BR,150,1050
M-TGR-074,BATUCEPER,KOTA TANGERANG,KOTA TANGERANG,BR,5,35
M-TGR-074,BATUCEPER,KOTA TANGERANG,,,,
M-TGR-074,BATUCEPER,KOTA TANGERANG,JAKARTA BARAT,BR,150,1050
M-TGR-074,BATUCEPER,KOTA TANGERANG,KOTA TANGERANG,BR,5,35
M-TGR-074,BATUCEPER,KOTA TANGERANG,,,,
M-TGR-074,BATUCEPER,KOTA TANGERANG,TANGERANG,DU,10,70
M-TGR-074,BATUCEPER,KOTA TANGERANG,TANGERANG,DU,10,70
M-JKT-137,PULO GADUNG,JAKARTA TIMUR,KOTA TASIKMALAYA,BR,3000,9000
M-JKT-137,PULO GADUNG,JAKARTA TIMUR,TANGERANG,BR,3000,3000
M-JKT-137,PULO GADUNG,JAKARTA TIMUR,CIANJUR,BR,3000,6000
M-JKT-137,PULO GADUNG,JAKARTA TIMUR,TANGERANG,BR,3000,6000
M-JKT-137,PULO GADUNG,JAKARTA TIMUR,BOGOR,BR,3000,6000
M-JKT-137,PULO GADUNG,JAKARTA TIMUR,BANDUNG,BR,3000,3000
M-JKT-137,PULO GADUNG,JAKARTA TIMUR,TASIKMALAYA,BR,125,125
M-JKT-137,PULO GADUNG,JAKARTA TIMUR,BOGOR,BR,500,2000
M-JKT-137,PULO GADUNG,JAKARTA TIMUR,SUKABUMI,BR,500,1500
M-JKT-012,PULO GADUNG,JAKARTA TIMUR,SUBANG,BR,3000,6999,999
M-JKT-012,PULO GADUNG,JAKARTA TIMUR,CIANJUR,BR,3000,6999,999
M-JKT-012,PULO GADUNG,JAKARTA TIMUR,SUKABUMI,BR,3000,6999,999
M-JKT-012,PULO GADUNG,JAKARTA TIMUR,TASIKMALAYA,BR,2500,17500
M-JKT-012,PULO GADUNG,JAKARTA TIMUR,BANDUNG,BR,2500,17500
M-JKT-012,PULO GADUNG,JAKARTA TIMUR,BANDUNG,BR,2500,17500
M-JKT-137,PULO GADUNG,JAKARTA TIMUR,KEDIRI,BR,,0
M-JKT-137,PULO GADUNG,JAKARTA TIMUR,KEDIRI,AK,300,2100
M-JKT-137,PULO GADUNG,JAKARTA TIMUR,KEDIRI,AK,300,2100
D-BGR-070,TANJUNGSARI,BOGOR,CIANJUR,BR,600,2100
D-BGR-070,TANJUNGSARI,BOGOR,SUKABUMI,BR,600,2100
D-TGR-035,SEPATAN,TANGERANG,TANGERANG,BR,500,833,3335
D-TGR-035,SEPATAN,TANGERANG,KOTA CILEGON,BR,500,833,3335
D-TGR-035,SEPATAN,TANGERANG,SUBANG,BR,500,833,3335
D-TGR-040,SEPATAN,TANGERANG,KARAWANG,DU,100,33,33333
D-TGR-040,SEPATAN,TANGERANG,SUKABUMI,DU,100,33,33333
D-TGR-040,SEPATAN,TANGERANG,CIANJUR,DU,100,33,33333
D-TGR-036,SEPATAN,TANGERANG,PANDEGLANG,BR,2000,7000
D-TGR-036,SEPATAN,TANGERANG,BOGOR,BR,2000,7000
D-TGR-061,LEGOK,TANGERANG,BOGOR,BR,500,3500
D-TGR-061,LEGOK,TANGERANG,TANGERANG,BR,300,2100
D-TGR-218,LEGOK,TANGERANG,SERANG,BR,1000,2000
D-TGR-218,LEGOK,TANGERANG,TANGERANG,BR,1000,2000
D-BGR-098,TAJURHALANG,BOGOR,BOGOR,BR,5,5
D-BGR-098,TAJURHALANG,BOGOR,BOGOR,AK,10,10
D-BGR-098,TAJURHALANG,BOGOR,BOGOR,LA,6,6
D-BGR-098,TAJURHALANG,BOGOR,BOGOR,BR,5,5
D-BGR-098,TAJURHALANG,BOGOR,BOGOR,AK,10,10
D-TGR-038,SEPATAN,TANGERANG,TANGERANG,DU,550,3850
D-TGR-038,SEPATAN,TANGERANG,CIREBON,DU,550,1100
D-TGR-212,SEPATAN,TANGERANG,CIANJUR,DU,500,1000
D-TGR-212,SEPATAN,TANGERANG,GARUT,DU,500,1000
D-TGR-212,SEPATAN,TANGERANG,INDRAMAYU,DU,450,450
D-TGR-212,SEPATAN,TANGERANG,KOTA SURABAYA,DU,450,450
D-TGR-212,SEPATAN,TANGERANG,PATI,DU,450,450
D-TGR-212,SEPATAN,TANGERANG,PATI,DU,500,1000
D-TGR-212,SEPATAN,TANGERANG,TANGERANG,DU,500,1000
D-TGR-210,SEPATAN,TANGERANG,KOTA SURAKARTA,LA,625,625
D-TGR-210,SEPATAN,TANGERANG,BOGOR,LA,52,52
D-TGR-210,SEPATAN,TANGERANG,TANGERANG,LA,48,48
D-BGR-058,CARIU,BOGOR,BOGOR,BR,500,3500
D-BGR-079,SUKAMAKMUR,BOGOR,BOGOR,AK,100,233,3333
D-BGR-079,SUKAMAKMUR,BOGOR,KOTA DEPOK,AK,100,233,3333
D-BGR-079,SUKAMAKMUR,BOGOR,BEKASI,AK,100,233,3333
D-BGR-069,TANJUNGSARI,BOGOR,BOGOR,BR,80,560
M-JKT-137,PULO GADUNG,JAKARTA TIMUR,KOTA SURAKARTA,AK,675,4725
M-JKT-137,PULO GADUNG,JAKARTA TIMUR,TANGERANG,BR,500,2000
M-JKT-137,PULO GADUNG,JAKARTA TIMUR,BOGOR,BR,500,1500
M-JKT-137,PULO GADUNG,JAKARTA TIMUR,KOTA SURAKARTA,AK,225,225
D-TGR-205,KEMIRI,TANGERANG,BOGOR,BR,450,1049,99985
D-TGR-205,KEMIRI,TANGERANG,TANGERANG,BR,450,1049,99985
D-TGR-205,KEMIRI,TANGERANG,SERANG,BR,450,1049,99985
D-TGR-205,KEMIRI,TANGERANG,,BR,100,700
D-TGR-205,KEMIRI,TANGERANG,,BR,165,1155
D-TGR-205,KEMIRI,TANGERANG,,BR,85,595
D-TGR-206,KEMIRI,TANGERANG,TANGERANG,BR,150,600
D-TGR-067,KEMIRI,TANGERANG,TANGERANG,AK,5,35
D-TGR-067,KEMIRI,TANGERANG,TANGERANG,DU,5,35
D-TGR-207,PAKUHAJI,TANGERANG,SERANG,BR,500,1750
D-TGR-207,PAKUHAJI,TANGERANG,TANGERANG,BR,500,1750
D-TGR-209,PAKUHAJI,TANGERANG,TANGERANG,BR,600,600
D-TGR-209,PAKUHAJI,TANGERANG,TANGERANG,BR,600,3000
D-TGR-208,PAKUHAJI,TANGERANG,TANGERANG,BR,1000,4000
D-TGR-208,PAKUHAJI,TANGERANG,TANGERANG,BR,1000,3000
M-JKT-137,PULO GADUNG,JAKARTA TIMUR,KOTA SURAKARTA,AK,150,1050
D-BKS-044,KEDUNGWARINGIN,BEKASI,CIAMIS,BR,5000,11666,665
D-BKS-044,KEDUNGWARINGIN,BEKASI,CIREBON,BR,5000,11666,665
D-BKS-044,KEDUNGWARINGIN,BEKASI,TASIKMALAYA,BR,5000,11666,665
M-JKT-137,PULO GADUNG,JAKARTA TIMUR,KOTA SURAKARTA,AK,225,225
M-JKT-137,PULO GADUNG,JAKARTA TIMUR,KOTA SURAKARTA,AK,2400,2400
D-TGR-056,KOSAMBI,TANGERANG,TANGERANG,BR,1000,4000
D-TGR-056,KOSAMBI,TANGERANG,TANGERANG,BR,1000,2000
D-TGR-055,KOSAMBI,TANGERANG,KOTA TANGERANG,BR,1000,7000
D-BGR-007,KEMANG,BOGOR,TASIKMALAYA,BR,1000,3000
M-JKT-012,PULO GADUNG,JAKARTA TIMUR,BANDUNG,BR,5000,25000
M-JKT-012,PULO GADUNG,JAKARTA TIMUR,TASIKMALAYA,BR,5000,10000
M-JKT-012,PULO GADUNG,JAKARTA TIMUR,BOYOLALI,BR,3000,12000
M-JKT-012,PULO GADUNG,JAKARTA TIMUR,LAMPUNG SELATAN,BR,3000,9000
D-BGR-006,KEMANG,BOGOR,SUKABUMI,BR,1000,2000
D-TGR-068,KEMIRI,TANGERANG,TANGERANG,AK,5,35
D-TGR-068,KEMIRI,TANGERANG,TANGERANG,DU,6,42
D-TGR-070,KEMIRI,TANGERANG,TANGERANG,AK,10,50
D-TGR-070,KEMIRI,TANGERANG,TANGERANG,DU,5,25
M-JKT-012,PULO GADUNG,JAKARTA TIMUR,BANDUNG,BR,2500,5000
M-JKT-012,PULO GADUNG,JAKARTA TIMUR,MAJALENGKA,BR,2500,2500
M-JKT-012,PULO GADUNG,JAKARTA TIMUR,LAMPUNG TENGAH,BR,2500,7500
M-JKT-012,PULO GADUNG,JAKARTA TIMUR,TASIKMALAYA,BR,2500,2500
D-TGR-217,MAUK,TANGERANG,TANGERANG,BR,750,5250
M-JKT-137,PULO GADUNG,JAKARTA TIMUR,KOTA SURAKARTA,BR,1500,10500
M-JKT-137,PULO GADUNG,JAKARTA TIMUR,TASIKMALAYA,BR,1000,3500
M-JKT-137,PULO GADUNG,JAKARTA TIMUR,BANDUNG,BR,1000,3500
D-BKS-050,KEDUNGWARINGIN,BEKASI,CIREBON,BR,2500,17500
M-JKT-137,PULO GADUNG,JAKARTA TIMUR,BANDUNG,BR,3000,9000
M-JKT-137,PULO GADUNG,JAKARTA TIMUR,CIREBON,BR,3000,9000
M-JKT-137,PULO GADUNG,JAKARTA TIMUR,KOTA BANDAR LAMPUNG,BR,3000,3000
D-BKS-052,KEDUNGWARINGIN,BEKASI,SUBANG,LA,150,300
D-BKS-062,KARANGBAHAGIA,BEKASI,,BR,1200,8400
D-BGR-218,NANGGUNG,BOGOR,BOGOR,BR,100,200
D-BGR-218,NANGGUNG,BOGOR,SUKABUMI,BR,100,200
D-BGR-218,NANGGUNG,BOGOR,BOGOR,LA,100,100
D-BGR-220,NANGGUNG,BOGOR,BOGOR,BR,300,600
D-BGR-220,NANGGUNG,BOGOR,BOGOR,LA,300,300
D-BGR-045,TAMANSARI,BOGOR,CIANJUR,BR,300,699,9999
D-BGR-045,TAMANSARI,BOGOR,BOGOR,BR,300,699,9999
D-BGR-045,TAMANSARI,BOGOR,SUKABUMI,BR,300,699,9999
D-BGR-044,TAMANSARI,BOGOR,BOGOR,BR,500,750
D-BGR-044,TAMANSARI,BOGOR,SUKABUMI,BR,500,750
D-BGR-044,TAMANSARI,BOGOR,BOGOR,BR,500,500
D-BGR-044,TAMANSARI,BOGOR,BOGOR,BR,500,1500
D-BGR-172,CIBUNGBULANG,BOGOR,BOGOR,BR,500,500
D-BGR-206,CISEENG,BOGOR,BOGOR,BR,300,1500
D-TGR-257,SERPONG,KOTA TANGERANG SELATAN,PEKALONGAN,BR,400,800
D-TGR-257,SERPONG,KOTA TANGERANG SELATAN,SEMARANG,BR,400,800
D-TGR-257,SERPONG,KOTA TANGERANG SELATAN,LAMPUNG SELATAN,BR,500,1500
D-TGR-253,SERPONG,KOTA TANGERANG SELATAN,SERANG,BR,8400,25200
D-TGR-253,SERPONG,KOTA TANGERANG SELATAN,TASIKMALAYA,BR,8400,25200
D-TGR-009,CIPUTAT,KOTA TANGERANG SELATAN,KOTA TANGERANG SELATAN,BR,10,20
D-TGR-009,CIPUTAT,KOTA TANGERANG SELATAN,BOGOR,BR,10,20
D-TGR-009,CIPUTAT,KOTA TANGERANG SELATAN,KOTA DEPOK,BR,300,2100
D-BGR-236,JONGGOL,BOGOR,BOGOR,BR,370,2590
D-BGR-236,JONGGOL,BOGOR,BEKASI,BR,60,420
D-TGR-259,SETU,KOTA TANGERANG SELATAN,BOGOR,BR,200,600
D-TGR-259,SETU,KOTA TANGERANG SELATAN,TANGERANG,BR,200,600
D-TGR-259,SETU,KOTA TANGERANG SELATAN,KOTA TANGERANG SELATAN,AK,20,20
D-BGR-010,KEMANG,BOGOR,BOGOR,BR,500,1500
D-BGR-009,KEMANG,BOGOR,BOGOR,BR,500,1500
D-BGR-054,JONGGOL,BOGOR,BOGOR,BR,500,500
D-BGR-054,JONGGOL,BOGOR,CIANJUR,BR,500,1000
D-BGR-054,JONGGOL,BOGOR,PURWAKARTA,BR,500,500
M-JKT-001,PULO GADUNG,JAKARTA TIMUR,BOGOR,LA,1000,3000
M-JKT-001,PULO GADUNG,JAKARTA TIMUR,SERANG,LA,1000,2000
M-JKT-001,PULO GADUNG,JAKARTA TIMUR,SUKABUMI,LA,1000,1000
M-JKT-001,PULO GADUNG,JAKARTA TIMUR,CIANJUR,LA,1000,1000
M-JKT-137,PULO GADUNG,JAKARTA TIMUR,NGAWI,AK,500,0
M-JKT-137,PULO GADUNG,JAKARTA TIMUR,PONOROGO,AK,500,0
M-JKT-137,PULO GADUNG,JAKARTA TIMUR,BLITAR,AK,500,0
D-BGR-052,JONGGOL,BOGOR,BOGOR,BR,500,1000
D-BGR-052,JONGGOL,BOGOR,CIANJUR,BR,500,1000
M-JKT-001,PULO GADUNG,JAKARTA TIMUR,SUBANG,LA,1000,3000
M-JKT-001,PULO GADUNG,JAKARTA TIMUR,SERANG,LA,1000,3000
M-JKT-001,PULO GADUNG,JAKARTA TIMUR,KOTA CIMAHI,LA,1000,1000
M-JKT-137,PULO GADUNG,JAKARTA TIMUR,BOGOR,BR,2000,14000
M-JKT-137,PULO GADUNG,JAKARTA TIMUR,KOTA SURAKARTA,BR,,0
M-JKT-137,PULO GADUNG,JAKARTA TIMUR,KOTA SURAKARTA,AK,,
M-JKT-137,PULO GADUNG,JAKARTA TIMUR,PURWAKARTA,BR,1000,1500
M-JKT-137,PULO GADUNG,JAKARTA TIMUR,SUBANG,BR,1000,1500
M-JKT-137,PULO GADUNG,JAKARTA TIMUR,SUBANG,BR,1000,1000
M-JKT-137,PULO GADUNG,JAKARTA TIMUR,LAMPUNG SELATAN,BR,1000,1000
M-JKT-137,PULO GADUNG,JAKARTA TIMUR,SUKABUMI,BR,1000,1000
M-JKT-137,PULO GADUNG,JAKARTA TIMUR,PURWAKARTA,BR,1000,1000
M-JKT-137,PULO GADUNG,JAKARTA TIMUR,NGAWI,AK,500,0
M-JKT-137,PULO GADUNG,JAKARTA TIMUR,PONOROGO,AK,500,0
M-JKT-137,PULO GADUNG,JAKARTA TIMUR,BLITAR,AK,500,0
D-BGR-236,JONGGOL,BOGOR,BEKASI,BR,800,1866,6664
D-BGR-236,JONGGOL,BOGOR,BOGOR,BR,800,1866,6664
D-BGR-236,JONGGOL,BOGOR,CIANJUR,BR,800,1866,6664
M-JKT-137,PULO GADUNG,JAKARTA TIMUR,SUKABUMI,BR,1000,1500
M-JKT-137,PULO GADUNG,JAKARTA TIMUR,PURWAKARTA,BR,1000,1500
M-JKT-137,PULO GADUNG,JAKARTA TIMUR,SUBANG,BR,1000,1000
M-JKT-137,PULO GADUNG,JAKARTA TIMUR,PURWAKARTA,BR,1000,1000
M-JKT-137,PULO GADUNG,JAKARTA TIMUR,LAMPUNG SELATAN,BR,1000,1000
M-JKT-137,PULO GADUNG,JAKARTA TIMUR,SUBANG,BR,1000,1000
M-JKT-001,PULO GADUNG,JAKARTA TIMUR,SUKABUMI,BR,3500,3500
M-JKT-001,PULO GADUNG,JAKARTA TIMUR,TASIKMALAYA,BR,3500,3500
D-BGR-057,CARIU,BOGOR,BOGOR,AK,15,30
D-BGR-057,CARIU,BOGOR,BOGOR,DU,35,70
D-BGR-057,CARIU,BOGOR,BOGOR,AK,15,45
D-BGR-057,CARIU,BOGOR,BOGOR,DU,35,105
D-BGR-057,CARIU,BOGOR,KARAWANG,AK,15,30
D-BGR-057,CARIU,BOGOR,KARAWANG,DU,35,70
M-JKT-001,PULO GADUNG,JAKARTA TIMUR,SUKABUMI,LA,1000,1000
M-JKT-001,PULO GADUNG,JAKARTA TIMUR,KOTA BANDAR LAMPUNG,LA,1000,1000
M-JKT-001,PULO GADUNG,JAKARTA TIMUR,BANDUNG,BR,2000,10000
M-JKT-001,PULO GADUNG,JAKARTA TIMUR,TASIKMALAYA,BR,2000,4000
M-JKT-001,PULO GADUNG,JAKARTA TIMUR,TASIKMALAYA,BR,1000,7000
M-JKT-001,PULO GADUNG,JAKARTA TIMUR,TASIKMALAYA,BR,2500,17500
M-JKT-137,PULO GADUNG,JAKARTA TIMUR,KOTA SURAKARTA,AK,900,6300
M-JKT-137,PULO GADUNG,JAKARTA TIMUR,KOTA SURAKARTA,AK,375,2625
D-BGR-331,CIGOMBONG,BOGOR,CIANJUR,BR,400,800
D-BKS-047,KEDUNGWARINGIN,BEKASI,TASIKMALAYA,LA,100,200
D-BKS-047,KEDUNGWARINGIN,BEKASI,KOTA BEKASI,LA,150,150
M-JKT-114,KRAMAT JATI,JAKARTA TIMUR,TEGAL,BR,2000,6000
M-JKT-114,KRAMAT JATI,JAKARTA TIMUR,SEMARANG,BR,2000,6000
D-BGR-325,CARINGIN,BOGOR,BOGOR,BR,150,199,99995
D-BGR-325,CARINGIN,BOGOR,SUKABUMI,BR,150,199,99995
D-BGR-325,CARINGIN,BOGOR,CIANJUR,BR,150,199,99995
D-BGR-325,CARINGIN,BOGOR,BOGOR,BR,150,150
D-BGR-325,CARINGIN,BOGOR,CIANJUR,BR,150,150
D-BGR-325,CARINGIN,BOGOR,SUKABUMI,BR,150,150
M-JKT-112,KRAMAT JATI,JAKARTA TIMUR,BOGOR,BR,1000,5000
M-JKT-112,KRAMAT JATI,JAKARTA TIMUR,TANGERANG,BR,1000,1000
M-JKT-112,KRAMAT JATI,JAKARTA TIMUR,KARAWANG,BR,1000,1000
D-BGR-325,CARINGIN,BOGOR,CIANJUR,BR,30,39,99999
D-BGR-325,CARINGIN,BOGOR,SUKABUMI,BR,30,39,99999
D-BGR-325,CARINGIN,BOGOR,BOGOR,BR,30,39,99999
D-BGR-325,CARINGIN,BOGOR,SUKABUMI,BR,30,30
D-BGR-325,CARINGIN,BOGOR,CIANJUR,BR,30,30
D-BGR-325,CARINGIN,BOGOR,BOGOR,BR,30,30
M-JKT-094,DUREN SAWIT,JAKARTA TIMUR,BOGOR,BR,2000,4000
M-JKT-094,DUREN SAWIT,JAKARTA TIMUR,BOGOR,BR,2000,4000
M-JKT-094,DUREN SAWIT,JAKARTA TIMUR,TASIKMALAYA,BR,2000,6000
M-JKT-110,MAKASAR,JAKARTA TIMUR,BEKASI,BR,1500,4500
M-JKT-110,MAKASAR,JAKARTA TIMUR,BOGOR,BR,1500,3000
M-JKT-110,MAKASAR,JAKARTA TIMUR,TANGERANG,BR,1500,3000
M-JKT-111,MAKASAR,JAKARTA TIMUR,TASIKMALAYA,BR,3000,21000
M-JKT-106,MAKASAR,JAKARTA TIMUR,SUKABUMI,BR,1500,6000
M-JKT-106,MAKASAR,JAKARTA TIMUR,CIANJUR,BR,1500,4500
M-JKT-106,MAKASAR,JAKARTA TIMUR,SUKABUMI,BR,1500,10500
M-JKT-106,MAKASAR,JAKARTA TIMUR,BOGOR,BR,1500,10500
M-JKT-011,PULO GADUNG,JAKARTA TIMUR,SUKABUMI,LA,400,2800
M-JKT-047,PULO GADUNG,JAKARTA TIMUR,BANDUNG,BR,2000,8000
M-JKT-047,PULO GADUNG,JAKARTA TIMUR,TASIKMALAYA,BR,2000,6000
M-JKT-047,PULO GADUNG,JAKARTA TIMUR,BANDUNG,BR,2500,17500
D-BGR-233,CILEUNGSI,BOGOR,SUBANG,BR,2000,4666,666
D-BGR-233,CILEUNGSI,BOGOR,CIANJUR,BR,2000,4666,666
D-BGR-233,CILEUNGSI,BOGOR,BOGOR,BR,2000,4666,666
D-BGR-085,TAJURHALANG,BOGOR,BOGOR,BR,1500,10500
D-TGR-013,CIPUTAT,KOTA TANGERANG SELATAN,TANGERANG,BR,500,1750
D-TGR-013,CIPUTAT,KOTA TANGERANG SELATAN,BOGOR,BR,500,1750
D-TGR-013,CIPUTAT,KOTA TANGERANG SELATAN,BOGOR,BR,500,1750
D-TGR-013,CIPUTAT,KOTA TANGERANG SELATAN,TANGERANG,BR,500,1750
M-JKT-087,CAKUNG,JAKARTA TIMUR,SUBANG,BR,3000,6999,999
M-JKT-087,CAKUNG,JAKARTA TIMUR,BOGOR,BR,3000,6999,999
M-JKT-087,CAKUNG,JAKARTA TIMUR,KARAWANG,BR,3000,6999,999
M-JKT-087,CAKUNG,JAKARTA TIMUR,CIAMIS,BR,1000,7000
M-JKT-090,CAKUNG,JAKARTA TIMUR,TEGAL,DU,400,0
M-JKT-090,CAKUNG,JAKARTA TIMUR,TEGAL,DU,400,0
M-JKT-087,CAKUNG,JAKARTA TIMUR,TANGERANG,BR,2000,2000
M-JKT-087,CAKUNG,JAKARTA TIMUR,BEKASI,BR,2000,2000
M-JKT-087,CAKUNG,JAKARTA TIMUR,SUBANG,BR,2000,2000
M-JKT-087,CAKUNG,JAKARTA TIMUR,BOGOR,BR,2000,2000
M-JKT-087,CAKUNG,JAKARTA TIMUR,TANGERANG,BR,2000,2000
M-JKT-087,CAKUNG,JAKARTA TIMUR,BOGOR,BR,2000,4000
M-JKT-087,CAKUNG,JAKARTA TIMUR,CIREBON,BR,1000,3500
M-JKT-087,CAKUNG,JAKARTA TIMUR,TASIKMALAYA,BR,1000,3500
M-JKT-012,PULO GADUNG,JAKARTA TIMUR,LAMPUNG SELATAN,BR,2000,14000
M-JKT-106,MAKASAR,JAKARTA TIMUR,TASIKMALAYA,BR,3000,3000
M-JKT-106,MAKASAR,JAKARTA TIMUR,BANDUNG,BR,2000,2000
M-JKT-106,MAKASAR,JAKARTA TIMUR,TEGAL,BR,2000,2000
M-JKT-106,MAKASAR,JAKARTA TIMUR,CIREBON,BR,3000,3000
M-JKT-047,PULO GADUNG,JAKARTA TIMUR,KOTA BANDAR LAMPUNG,BR,1500,3000
M-JKT-047,PULO GADUNG,JAKARTA TIMUR,KOTA SURAKARTA,BR,1500,3000
M-JKT-047,PULO GADUNG,JAKARTA TIMUR,KOTA YOGYAKARTA,BR,1500,1500
M-JKT-047,PULO GADUNG,JAKARTA TIMUR,TASIKMALAYA,BR,1500,3000
M-JKT-046,PULO GADUNG,JAKARTA TIMUR,TASIKMALAYA,BR,2000,8000
M-JKT-046,PULO GADUNG,JAKARTA TIMUR,BANDUNG,BR,2000,6000
D-TGR-258,CIPUTAT,KOTA TANGERANG SELATAN,SUBANG,BR,1300,2166,6671
D-TGR-258,CIPUTAT,KOTA TANGERANG SELATAN,BOGOR,BR,1300,2166,6671
D-TGR-258,CIPUTAT,KOTA TANGERANG SELATAN,SERANG,BR,1300,2166,6671
D-TGR-011,CIPUTAT,KOTA TANGERANG SELATAN,SERANG,BR,300,699,9999
D-TGR-011,CIPUTAT,KOTA TANGERANG SELATAN,TANGERANG,BR,300,699,9999
D-TGR-011,CIPUTAT,KOTA TANGERANG SELATAN,SUBANG,BR,300,699,9999
D-TGR-014,CIPUTAT,KOTA TANGERANG SELATAN,BOGOR,BR,1500,2250
D-TGR-014,CIPUTAT,KOTA TANGERANG SELATAN,KOTA BANDAR LAMPUNG,BR,1500,2250
D-TGR-014,CIPUTAT,KOTA TANGERANG SELATAN,TANGERANG,BR,1000,3500
D-TGR-014,CIPUTAT,KOTA TANGERANG SELATAN,SERANG,BR,1000,3500
D-TGR-014,CIPUTAT,KOTA TANGERANG SELATAN,BOGOR,BR,1000,7000
D-TGR-260,PONDOK AREN,KOTA TANGERANG SELATAN,TANGERANG,BR,3500,3500
D-TGR-260,PONDOK AREN,KOTA TANGERANG SELATAN,BOGOR,BR,3500,3500
D-TGR-260,PONDOK AREN,KOTA TANGERANG SELATAN,SERANG,BR,3500,3500
D-TGR-260,PONDOK AREN,KOTA TANGERANG SELATAN,BOGOR,BR,3500,3500
D-TGR-260,PONDOK AREN,KOTA TANGERANG SELATAN,TANGERANG,BR,3500,3500
D-TGR-260,PONDOK AREN,KOTA TANGERANG SELATAN,SERANG,BR,3500,3500
D-TGR-014,CIPUTAT,KOTA TANGERANG SELATAN,KOTA TANGERANG,AK,20,46,66666
D-TGR-014,CIPUTAT,KOTA TANGERANG SELATAN,KOTA TANGERANG SELATAN,AK,20,46,66666
D-TGR-014,CIPUTAT,KOTA TANGERANG SELATAN,BOGOR,AK,20,46,66666
D-TGR-014,CIPUTAT,KOTA TANGERANG SELATAN,TANGERANG,DU,15,52,5
D-TGR-014,CIPUTAT,KOTA TANGERANG SELATAN,KOTA TANGERANG SELATAN,DU,15,52,5
D-TGR-014,CIPUTAT,KOTA TANGERANG SELATAN,JAKARTA SELATAN,BR,450,3150
D-TGR-255,CIPUTAT,KOTA TANGERANG SELATAN,BOGOR,BR,1500,10500
D-TGR-255,CIPUTAT,KOTA TANGERANG SELATAN,TANGERANG,BR,1500,10500
D-TGR-255,CIPUTAT,KOTA TANGERANG SELATAN,SUKABUMI,BR,1000,7000
D-TGR-252,PAMULANG,KOTA TANGERANG SELATAN,SUKABUMI,BR,3000,10500
D-TGR-252,PAMULANG,KOTA TANGERANG SELATAN,BOGOR,BR,3000,10500
M-JKT-012,PULO GADUNG,JAKARTA TIMUR,TEGAL,BR,1000,7000
M-JKT-012,PULO GADUNG,JAKARTA TIMUR,SUBANG,BR,1000,0
M-JKT-012,PULO GADUNG,JAKARTA TIMUR,SUBANG,BR,1000,7000
M-JKT-012,PULO GADUNG,JAKARTA TIMUR,TASIKMALAYA,BR,1000,7000
M-JKT-012,PULO GADUNG,JAKARTA TIMUR,SUBANG,BR,1000,7000
M-JKT-012,PULO GADUNG,JAKARTA TIMUR,TEGAL,BR,1000,7000
M-JKT-012,PULO GADUNG,JAKARTA TIMUR,SUBANG,BR,1000,7000
M-JKT-012,PULO GADUNG,JAKARTA TIMUR,TASIKMALAYA,BR,1000,7000
M-JKT-012,PULO GADUNG,JAKARTA TIMUR,KUNINGAN,BR,2000,7000
M-JKT-012,PULO GADUNG,JAKARTA TIMUR,CIREBON,BR,2000,7000
M-JKT-012,PULO GADUNG,JAKARTA TIMUR,LAMPUNG SELATAN,BR,1500,10500
M-JKT-012,PULO GADUNG,JAKARTA TIMUR,MAJALENGKA,BR,2000,6000
M-JKT-012,PULO GADUNG,JAKARTA TIMUR,JAKARTA TIMUR,BR,2000,6000
M-BKS-008,PONDOK MELATI,KOTA BEKASI,TASIKMALAYA,BR,5000,17500
M-BKS-008,PONDOK MELATI,KOTA BEKASI,SUKABUMI,BR,5000,17500
M-JKT-066,MATRAMAN,JAKARTA TIMUR,BANDUNG,BR,2500,7500
M-JKT-066,MATRAMAN,JAKARTA TIMUR,TASIKMALAYA,BR,2500,5000
M-JKT-066,MATRAMAN,JAKARTA TIMUR,CIREBON,BR,2500,5000
D-TGR-080,PAMULANG,KOTA TANGERANG SELATAN,BOGOR,BR,200,1400
D-TGR-041,SEPATAN TIMUR,TANGERANG,TANGERANG,AK,30,210
D-TGR-041,SEPATAN TIMUR,TANGERANG,TANGERANG,DU,10,70
M-JKU-061,CILINCING,JAKARTA UTARA,SERANG,DU,100,100
M-JKU-061,CILINCING,JAKARTA UTARA,CIANJUR,DU,200,0
M-JKU-061,CILINCING,JAKARTA UTARA,BANDUNG,DU,200,0
M-JKT-051,MATRAMAN,JAKARTA TIMUR,BOGOR,BR,1500,6000
M-JKT-051,MATRAMAN,JAKARTA TIMUR,TASIKMALAYA,BR,1500,6000
M-JKT-051,MATRAMAN,JAKARTA TIMUR,CIAMIS,BR,1500,4500
M-JKT-051,MATRAMAN,JAKARTA TIMUR,BANDUNG,BR,1500,4500
D-BGR-191,TENJO,BOGOR,TANGERANG,LA,50,350
D-BGR-191,TENJO,BOGOR,BOGOR,BR,10,10
M-JKU-069,CILINCING,JAKARTA UTARA,INDRAMAYU,DU,200,1400
M-JKU-069,CILINCING,JAKARTA UTARA,INDRAMAYU,DU,200,1400
D-TGR-250,SERPONG UTARA,KOTA TANGERANG SELATAN,KARAWANG,BR,1800,5400
D-TGR-250,SERPONG UTARA,KOTA TANGERANG SELATAN,CIAMIS,BR,1800,5400
D-TGR-250,SERPONG UTARA,KOTA TANGERANG SELATAN,PANDEGLANG,BR,1800,3600
D-TGR-250,SERPONG UTARA,KOTA TANGERANG SELATAN,KARAWANG,BR,1800,3600
D-TGR-250,SERPONG UTARA,KOTA TANGERANG SELATAN,BOGOR,BR,1700,8500
D-TGR-250,SERPONG UTARA,KOTA TANGERANG SELATAN,INDRAMAYU,BR,1600,1600
D-TGR-250,SERPONG UTARA,KOTA TANGERANG SELATAN,BREBES,BR,1600,1600
M-TGR-110,TANGERANG,KOTA TANGERANG,TANGERANG,BR,4000,5333,332
M-TGR-110,TANGERANG,KOTA TANGERANG,KOTA TANGERANG,BR,4000,5333,332
M-TGR-110,TANGERANG,KOTA TANGERANG,PANDEGLANG,BR,4000,5333,332
M-TGR-110,TANGERANG,KOTA TANGERANG,SERANG,BR,4000,8000
M-TGR-110,TANGERANG,KOTA TANGERANG,BOGOR,BR,4000,28000
M-TGR-110,TANGERANG,KOTA TANGERANG,,,,
M-TGR-080,TANGERANG,KOTA TANGERANG,TANGERANG,BR,1500,10500
M-TGR-022,TANGERANG,KOTA TANGERANG,SERANG,BR,1000,2333,333
M-TGR-022,TANGERANG,KOTA TANGERANG,PANDEGLANG,BR,1000,2333,333
M-TGR-022,TANGERANG,KOTA TANGERANG,TANGERANG,BR,1000,2333,333
M-TGR-022,TANGERANG,KOTA TANGERANG,,BR,250,1750
D-BKS-045,KEDUNGWARINGIN,BEKASI,BANDUNG,LA,50,350
M-BKS-058,BEKASI UTARA,KOTA BEKASI,KOTA BEKASI,DU,100,700
M-JKT-098,CIPAYUNG,JAKARTA TIMUR,BEKASI,BR,900,900
M-JKT-101,CIPAYUNG,JAKARTA TIMUR,SUKABUMI,BR,1500,6000
M-JKT-101,CIPAYUNG,JAKARTA TIMUR,SERANG,BR,1500,4500
D-BKS-062,KARANGBAHAGIA,BEKASI,TASIKMALAYA,BR,2500,17500
M-TGR-110,TANGERANG,KOTA TANGERANG,KOTA TANGERANG,BR,100,700
M-JKT-098,CIPAYUNG,JAKARTA TIMUR,KARAWANG,BR,1000,4000
M-JKT-098,CIPAYUNG,JAKARTA TIMUR,BEKASI,BR,1000,3000
M-JKU-069,CILINCING,JAKARTA UTARA,INDRAMAYU,DU,50,350
M-JKT-095,CIPAYUNG,JAKARTA TIMUR,BOGOR,BR,1200,3600
M-JKT-095,CIPAYUNG,JAKARTA TIMUR,TANGERANG,BR,1200,4800
M-JKT-097,CIPAYUNG,JAKARTA TIMUR,KARAWANG,BR,800,5600
M-JKT-096,CIPAYUNG,JAKARTA TIMUR,KARAWANG,BR,1200,8400
M-JKU-069,PADEMANGAN,JAKARTA UTARA,TASIKMALAYA,BR,2000,6000
M-JKU-069,PADEMANGAN,JAKARTA UTARA,BANDUNG,BR,2000,4000
M-JKU-069,PADEMANGAN,JAKARTA UTARA,LAMPUNG SELATAN,BR,2000,4000
M-JKU-069,KOJA,JAKARTA UTARA,TASIKMALAYA,BR,4000,28000
M-JKU-069,KOJA,JAKARTA UTARA,BANDUNG,BR,700,700
M-JKU-069,TANJUNG PRIOK,JAKARTA UTARA,SERANG,BR,800,5600
M-JKU-069,CILINCING,JAKARTA UTARA,KARAWANG,DU,30,90
M-JKU-069,CILINCING,JAKARTA UTARA,INDRAMAYU,DU,30,120
M-JKU-063,CILINCING,JAKARTA UTARA,INDRAMAYU,AK,20,80
M-JKU-063,CILINCING,JAKARTA UTARA,CIANJUR,AK,20,60
M-JKU-069,CILINCING,JAKARTA UTARA,KARAWANG,AK,10,10
M-JKU-069,CILINCING,JAKARTA UTARA,KARAWANG,DU,40,40
D-BGR-065,TANJUNGSARI,BOGOR,CIANJUR,BR,100,700
D-BGR-065,TANJUNGSARI,BOGOR,CIANJUR,BR,100,700
M-DPK-012,CIMANGGIS,KOTA DEPOK,BOGOR,BR,1500,10500
M-TGR-049,CILEDUG,KOTA TANGERANG,BOGOR,AK,50,116,66665
M-TGR-049,CILEDUG,KOTA TANGERANG,SUKABUMI,AK,50,116,66665
M-TGR-049,CILEDUG,KOTA TANGERANG,TANGERANG,AK,50,116,66665
D-TGR-031,KELAPA DUA,TANGERANG,TANGERANG,BR,250,1750
D-TGR-031,KELAPA DUA,TANGERANG,BOGOR,BR,250,583,33325
D-TGR-031,KELAPA DUA,TANGERANG,BEKASI,BR,250,583,33325
D-TGR-031,KELAPA DUA,TANGERANG,TANGERANG,BR,250,583,33325
D-BGR-325,CARINGIN,BOGOR,CIANJUR,BR,30,39,99999
D-BGR-325,CARINGIN,BOGOR,BOGOR,BR,30,39,99999
D-BGR-325,CARINGIN,BOGOR,SUKABUMI,BR,30,39,99999
D-BGR-325,CARINGIN,BOGOR,SUKABUMI,BR,30,45
D-BGR-325,CARINGIN,BOGOR,BOGOR,BR,30,45
D-BGR-325,CARINGIN,BOGOR,SUKABUMI,BR,30,69,99999
D-BGR-325,CARINGIN,BOGOR,BOGOR,BR,30,69,99999
D-BGR-325,CARINGIN,BOGOR,CIANJUR,BR,30,69,99999
D-BGR-325,CARINGIN,BOGOR,BOGOR,BR,15,34,999995
D-BGR-325,CARINGIN,BOGOR,CIANJUR,BR,15,34,999995
D-BGR-325,CARINGIN,BOGOR,SUKABUMI,BR,15,34,999995
D-BGR-337,CIJERUK,BOGOR,SUKABUMI,BR,300,600
D-BGR-337,CIJERUK,BOGOR,SUKABUMI,BR,300,600
M-BKS-008,PONDOK MELATI,KOTA BEKASI,KOTA BEKASI,BR,250,1750
M-JKU-060,CILINCING,JAKARTA UTARA,KARAWANG,AK,50,350
M-TGR-027,KARAWACI,KOTA TANGERANG,TANGERANG,DU,35,245
M-TGR-027,KARAWACI,KOTA TANGERANG,SUKABUMI,AK,200,300
M-TGR-027,KARAWACI,KOTA TANGERANG,BOGOR,AK,200,300
M-TGR-027,KARAWACI,KOTA TANGERANG,TANGERANG,DU,10,70
M-TGR-027,KARAWACI,KOTA TANGERANG,TANGERANG,LA,15,52,5
M-TGR-027,KARAWACI,KOTA TANGERANG,BOGOR,LA,15,52,5
M-JKU-069,PENJARINGAN,JAKARTA UTARA,PURWAKARTA,AK,500,3500
M-JKU-068,CILINCING,JAKARTA UTARA,INDRAMAYU,AK,20,140
M-JKU-068,CILINCING,JAKARTA UTARA,INDRAMAYU,DU,50,350
M-JKU-069,PENJARINGAN,JAKARTA UTARA,PURWAKARTA,AK,1000,7000
D-TGR-254,CIPUTAT TIMUR,KOTA TANGERANG SELATAN,SERANG,BR,1200,2799,9996
D-TGR-254,CIPUTAT TIMUR,KOTA TANGERANG SELATAN,SUKABUMI,BR,1200,2799,9996
D-TGR-254,CIPUTAT TIMUR,KOTA TANGERANG SELATAN,BOGOR,BR,1200,2799,9996
M-DPK-008,SUKMA JAYA,KOTA DEPOK,SUKABUMI,BR,2800,19600
M-DPK-005,SAWANGAN,KOTA DEPOK,BOGOR,BR,1800,12600
M-DPK-005,SAWANGAN,KOTA DEPOK,TANGERANG,BR,1600,11200
M-JKT-101,CIRACAS,JAKARTA TIMUR,TANGERANG,BR,1000,4000
M-JKT-101,CIRACAS,JAKARTA TIMUR,SUBANG,BR,1000,3000
M-JKT-101,CIRACAS,JAKARTA TIMUR,TANGERANG,BR,150,1050
M-JKT-105,CIRACAS,JAKARTA TIMUR,KARAWANG,BR,800,5600
M-JKS-156,MAMPANG PRAPATAN,JAKARTA SELATAN,BOGOR,BR,100,500
M-JKS-156,MAMPANG PRAPATAN,JAKARTA SELATAN,KARAWANG,BR,100,200
M-JKS-156,MAMPANG PRAPATAN,JAKARTA SELATAN,BOGOR,BR,100,700
M-JKS-156,MAMPANG PRAPATAN,JAKARTA SELATAN,KARAWANG,BR,100,700
M-JKS-156,MAMPANG PRAPATAN,JAKARTA SELATAN,SUKABUMI,BR,80,240
M-JKS-156,MAMPANG PRAPATAN,JAKARTA SELATAN,KARAWANG,BR,80,320
M-JKS-156,MAMPANG PRAPATAN,JAKARTA SELATAN,SUKABUMI,BR,50,350
M-JKS-156,MAMPANG PRAPATAN,JAKARTA SELATAN,KARAWANG,BR,50,350
M-JKU-066,CILINCING,JAKARTA UTARA,TANGERANG,DU,1000,3500
M-JKU-066,CILINCING,JAKARTA UTARA,BOGOR,DU,1000,3500
M-JKU-069,PENJARINGAN,JAKARTA UTARA,TANGERANG,BR,250,1750
M-JKU-064,CILINCING,JAKARTA UTARA,BOGOR,DU,50,175
M-JKU-064,CILINCING,JAKARTA UTARA,KARAWANG,DU,50,175
M-JKU-008,CILINCING,JAKARTA UTARA,JAKARTA TIMUR,BR,100,700
M-JKU-069,PENJARINGAN,JAKARTA UTARA,SUBANG,BR,1000,7000
M-JKU-069,PENJARINGAN,JAKARTA UTARA,TANGERANG,BR,1000,7000
M-JKU-069,PENJARINGAN,JAKARTA UTARA,CIANJUR,BR,1000,7000
M-JKP-043,SENEN,JAKARTA PUSAT,BOGOR,BR,60,60
M-JKS-176,TEBET,JAKARTA SELATAN,JAKARTA TIMUR,BR,500,500
M-JKS-176,TEBET,JAKARTA SELATAN,JAKARTA TIMUR,BR,150,150
M-JKS-176,TEBET,JAKARTA SELATAN,JAKARTA TIMUR,BR,200,200
M-JKS-174,TEBET,JAKARTA SELATAN,KARAWANG,BR,350,350
M-JKU-004,CILINCING,JAKARTA UTARA,INDRAMAYU,DU,150,1050
M-JKS-113,JAGAKARSA,JAKARTA SELATAN,BOGOR,BR,200,1400
M-JKS-163,MAMPANG PRAPATAN,JAKARTA SELATAN,JAKARTA TIMUR,BR,150,1050
M-JKS-183,PANCORAN,JAKARTA SELATAN,JAKARTA SELATAN,AK,10,10
M-JKS-183,PANCORAN,JAKARTA SELATAN,JAKARTA TIMUR,BR,70,70
M-JKS-183,PANCORAN,JAKARTA SELATAN,JAKARTA TIMUR,BR,30,30
M-JKU-110,KOJA,JAKARTA UTARA,TASIKMALAYA,BR,300,600
M-JKU-110,KOJA,JAKARTA UTARA,BANDUNG,BR,300,600
M-JKU-110,KOJA,JAKARTA UTARA,CIREBON,BR,300,300
M-JKU-110,KOJA,JAKARTA UTARA,BANDUNG,BR,300,300
M-JKU-110,KOJA,JAKARTA UTARA,TASIKMALAYA,BR,300,300
M-JKS-181,PANCORAN,JAKARTA SELATAN,TASIKMALAYA,BR,100,100
M-JKU-062,CILINCING,JAKARTA UTARA,TASIKMALAYA,BR,1800,12600
M-JKS-148,PESANGGRAHAN,JAKARTA SELATAN,KOTA DEPOK,BR,50,350
M-JKS-136,CILANDAK,JAKARTA SELATAN,KOTA BOGOR,BR,100,700
M-JKS-136,CILANDAK,JAKARTA SELATAN,BOGOR,AK,25,175
M-JKS-136,CILANDAK,JAKARTA SELATAN,JAKARTA SELATAN,BR,50,350
M-JKU-011,TANJUNG PRIOK,JAKARTA UTARA,SUKABUMI,BR,1000,7000
M-JKS-148,PESANGGRAHAN,JAKARTA SELATAN,BOGOR,BR,100,700
M-JKS-139,PESANGGRAHAN,JAKARTA SELATAN,JAKARTA SELATAN,BR,50,350
M-JKS-146,PESANGGRAHAN,JAKARTA SELATAN,BOGOR,BR,250,1750
M-JKS-146,PESANGGRAHAN,JAKARTA SELATAN,TANGERANG,BR,250,1750
M-JKS-191,SETIA BUDI,JAKARTA SELATAN,JAKARTA TIMUR,BR,700,4900
M-JKS-151,PESANGGRAHAN,JAKARTA SELATAN,JAKARTA SELATAN,BR,100,700
M-JKS-148,PESANGGRAHAN,JAKARTA SELATAN,JAKARTA SELATAN,BR,50,350
M-JKS-146,PESANGGRAHAN,JAKARTA SELATAN,KEBUMEN,BR,1000,2333,333
M-JKS-146,PESANGGRAHAN,JAKARTA SELATAN,CIAMIS,BR,1000,2333,333
M-JKS-146,PESANGGRAHAN,JAKARTA SELATAN,BOGOR,BR,1000,2333,333
M-JKS-139,PESANGGRAHAN,JAKARTA SELATAN,BOGOR,BR,400,1200
M-JKS-139,PESANGGRAHAN,JAKARTA SELATAN,TANGERANG,AK,10,10
M-JKS-139,PESANGGRAHAN,JAKARTA SELATAN,BOGOR,AK,10,10
M-JKS-139,PESANGGRAHAN,JAKARTA SELATAN,JAKARTA SELATAN,AK,10,10
M-JKS-139,PESANGGRAHAN,JAKARTA SELATAN,SUKABUMI,BR,250,583,33325
M-JKS-139,PESANGGRAHAN,JAKARTA SELATAN,TANGERANG,BR,250,583,33325
M-JKS-139,PESANGGRAHAN,JAKARTA SELATAN,BOGOR,BR,250,583,33325
M-JKS-139,PESANGGRAHAN,JAKARTA SELATAN,BOGOR,BR,400,1200
M-JKS-139,PESANGGRAHAN,JAKARTA SELATAN,BOGOR,BR,500,1750
M-JKS-139,PESANGGRAHAN,JAKARTA SELATAN,SUKABUMI,BR,500,1750
D-TGR-050,CIKUPA,TANGERANG,SERANG,BR,2000,7000
D-TGR-050,CIKUPA,TANGERANG,PANDEGLANG,BR,2000,7000
M-JKS-156,MAMPANG PRAPATAN,JAKARTA SELATAN,BOGOR,BR,100,500
M-JKS-156,MAMPANG PRAPATAN,JAKARTA SELATAN,KARAWANG,BR,100,200
M-JKS-128,PASAR MINGGU,JAKARTA SELATAN,BOGOR,LA,150,1050
M-JKS-126,PASAR MINGGU,JAKARTA SELATAN,JAKARTA TIMUR,BR,100,700
M-JKS-194,SETIA BUDI,JAKARTA SELATAN,JAKARTA TIMUR,BR,30,210
M-JKS-194,SETIA BUDI,JAKARTA SELATAN,JAKARTA TIMUR,BR,30,210
M-BKS-052,BEKASI UTARA,KOTA BEKASI,KOTA BEKASI,AK,30,210
M-BKS-078,BEKASI UTARA,KOTA BEKASI,JAKARTA TIMUR,BR,200,1400
M-JKB-063,KALI DERES,JAKARTA BARAT,TASIKMALAYA,BR,1500,10500
M-JKS-121,PASAR MINGGU,JAKARTA SELATAN,JAKARTA TIMUR,BR,200,1400
D-BGR-140,CIAWI,BOGOR,BOGOR,BR,150,150
M-DPK-003,SAWANGAN,KOTA DEPOK,TANGERANG,BR,1000,7000
M-DPK-003,SAWANGAN,KOTA DEPOK,JAKARTA SELATAN,BR,1000,7000
D-BGR-283,CILEUNGSI,BOGOR,BOGOR,AK,50,350
D-BGR-284,CILEUNGSI,BOGOR,BOGOR,AK,40,80
M-JKS-169,MAMPANG PRAPATAN,JAKARTA SELATAN,JAKARTA TIMUR,BR,70,490
M-JKS-169,MAMPANG PRAPATAN,JAKARTA SELATAN,JAKARTA TIMUR,BR,250,1750
M-JKS-163,MAMPANG PRAPATAN,JAKARTA SELATAN,JAKARTA TIMUR,BR,70,490
M-TGR-025,PINANG,KOTA TANGERANG,KOTA TANGERANG,AK,15,105
D-BGR-306,CARIU,BOGOR,BOGOR,BR,200,400
M-TGR-089,JATI UWUNG,KOTA TANGERANG,TANGERANG,BR,120,840
M-TGR-041,JATI UWUNG,KOTA TANGERANG,BEKASI,BR,50,116,66665
M-TGR-041,JATI UWUNG,KOTA TANGERANG,SUKABUMI,BR,50,116,66665
M-TGR-041,JATI UWUNG,KOTA TANGERANG,TANGERANG,BR,50,116,66665
M-JKS-190,PANCORAN,JAKARTA SELATAN,,BR,120,840
M-JKS-186,PANCORAN,JAKARTA SELATAN,,BR,150,1050
M-JKS-186,PANCORAN,JAKARTA SELATAN,,BR,40,280
M-BKS-049,BEKASI SELATAN,KOTA BEKASI,TASIKMALAYA,BR,60,420
D-BGR-286,CILEUNGSI,BOGOR,BOGOR,AK,30,60
D-BGR-286,CILEUNGSI,BOGOR,BOGOR,DU,20,40
M-JKT-195,PULO GADUNG,JAKARTA TIMUR,BANDUNG,BR,3000,6000
M-JKT-195,PULO GADUNG,JAKARTA TIMUR,BANDUNG,BR,3000,15000
M-JKT-195,PULO GADUNG,JAKARTA TIMUR,TASIKMALAYA,BR,750,750
M-JKT-195,PULO GADUNG,JAKARTA TIMUR,KOTA BANDAR LAMPUNG,BR,750,750
M-JKT-193,PULO GADUNG,JAKARTA TIMUR,CIAMIS,BR,3000,9000
M-JKT-193,PULO GADUNG,JAKARTA TIMUR,KOTA BANDAR LAMPUNG,BR,3000,6000
M-JKT-193,PULO GADUNG,JAKARTA TIMUR,BANDUNG,BR,3000,6000
M-JKT-115,PASAR REBO,JAKARTA TIMUR,BEKASI,BR,300,2100
M-JKT-121,CAKUNG,JAKARTA TIMUR,JAKARTA TIMUR,BR,100,700
M-JKT-194,PULO GADUNG,JAKARTA TIMUR,BANDUNG,BR,1500,1500
D-BGR-085,TAJURHALANG,BOGOR,BOGOR,BR,500,500
D-BGR-088,TAJURHALANG,BOGOR,BOGOR,BR,300,300
D-BGR-085,TAJURHALANG,BOGOR,BOGOR,BR,60,180
D-BGR-085,TAJURHALANG,BOGOR,BOGOR,BR,20,20
D-BGR-085,TAJURHALANG,BOGOR,BOGOR,BR,20,20
M-JKT-050,MATRAMAN,JAKARTA TIMUR,JAKARTA TIMUR,AK,100,100
M-BKS-055,BEKASI UTARA,KOTA BEKASI,BANJARNEGARA,AK,200,400
M-BKS-007,BEKASI SELATAN,KOTA BEKASI,KOTA BEKASI,BR,50,350
M-BKS-007,BEKASI SELATAN,KOTA BEKASI,KOTA BEKASI,AK,10,70
M-BKS-050,BEKASI SELATAN,KOTA BEKASI,JAKARTA TIMUR,BR,30,210
M-JKT-087,CAKUNG,JAKARTA TIMUR,BEKASI,BR,200,200
M-JKT-123,PULO GADUNG,JAKARTA TIMUR,JAKARTA TIMUR,BR,100,100
M-JKT-091,JATINEGARA,JAKARTA TIMUR,SEMARANG,AK,1000,7000
M-JKT-093,JATINEGARA,JAKARTA TIMUR,JAKARTA TIMUR,BR,300,300
M-BKS-048,BEKASI SELATAN,KOTA BEKASI,JAKARTA TIMUR,BR,250,1750
M-JKT-012,DUREN SAWIT,JAKARTA TIMUR,JAKARTA TIMUR,BR,150,150
M-BKS-067,BEKASI TIMUR,KOTA BEKASI,KOTA BEKASI,BR,300,2100
M-JKT-122,PULO GADUNG,JAKARTA TIMUR,JAKARTA TIMUR,BR,150,150
D-TGR-023,RAJEG,TANGERANG,TANGERANG,BR,80,560
M-JKT-124,PULO GADUNG,JAKARTA TIMUR,JAKARTA TIMUR,BR,150,150
M-BKS-077,BEKASI SELATAN,KOTA BEKASI,BEKASI,BR,60,420
D-TGR-023,RAJEG,TANGERANG,TANGERANG,BR,400,2800
M-JKT-120,PULO GADUNG,JAKARTA TIMUR,JAKARTA TIMUR,BR,150,150
D-TGR-039,SEPATAN,TANGERANG,TANGERANG,BR,100,400
D-TGR-039,SEPATAN,TANGERANG,TANGERANG,AK,30,210
D-TGR-039,SEPATAN,TANGERANG,TANGERANG,LA,50,350
M-TGR-027,KARAWACI,KOTA TANGERANG,BOGOR,AK,20,70
M-TGR-027,KARAWACI,KOTA TANGERANG,TANGERANG,AK,20,70
M-TGR-027,KARAWACI,KOTA TANGERANG,TANGERANG,DU,50,175
M-TGR-027,KARAWACI,KOTA TANGERANG,BOGOR,DU,50,175
D-BGR-267,TENJOLAYA,BOGOR,BOGOR,BR,60,420
D-BGR-268,TENJOLAYA,BOGOR,BOGOR,BR,60,60
D-BGR-270,TENJOLAYA,BOGOR,BOGOR,BR,100,33,33333
D-BGR-270,TENJOLAYA,BOGOR,LEBAK,BR,100,33,33333
D-BGR-270,TENJOLAYA,BOGOR,SUKABUMI,BR,100,33,33333
D-BGR-272,TENJOLAYA,BOGOR,BOGOR,BR,200,100
D-BGR-272,TENJOLAYA,BOGOR,SUKABUMI,BR,200,100
M-JKT-118,CIRACAS,JAKARTA TIMUR,JAKARTA TIMUR,BR,300,2100
M-JKT-117,CIRACAS,JAKARTA TIMUR,JAKARTA TIMUR,BR,300,2100
D-BKS-071,BABELAN,BEKASI,CIREBON,BR,3000,10500
D-BKS-071,BABELAN,BEKASI,INDRAMAYU,BR,3000,10500
D-BGR-260,CIOMAS,BOGOR,BOGOR,BR,100,200
D-BGR-273,CIAMPEA,BOGOR,BOGOR,BR,133,931
D-BGR-061,TANJUNGSARI,BOGOR,BOGOR,AK,10,50
D-BGR-061,TANJUNGSARI,BOGOR,,,,
D-BGR-067,TANJUNGSARI,BOGOR,BOGOR,BR,20,80
M-TGR-035,KARAWACI,KOTA TANGERANG,SERANG,BR,40,60
M-TGR-035,KARAWACI,KOTA TANGERANG,BOGOR,BR,40,60
M-TGR-035,KARAWACI,KOTA TANGERANG,BOGOR,BR,40,120
M-TGR-035,KARAWACI,KOTA TANGERANG,BOGOR,DU,300,2100
M-TGR-035,KARAWACI,KOTA TANGERANG,KOTA TANGERANG,BR,50,350
M-TGR-035,KARAWACI,KOTA TANGERANG,KOTA TANGERANG,AK,50,350
M-TGR-035,KARAWACI,KOTA TANGERANG,KOTA TANGERANG,LA,30,210
M-TGR-035,KARAWACI,KOTA TANGERANG,KOTA TANGERANG,DU,50,350
D-TGR-225,TELUKNAGA,TANGERANG,TANGERANG,DU,10,70
D-TGR-225,TELUKNAGA,TANGERANG,TANGERANG,DU,10,70
D-TGR-225,TELUKNAGA,TANGERANG,TANGERANG,DU,10,70
D-TGR-225,TELUKNAGA,TANGERANG,TANGERANG,DU,10,70
D-TGR-225,TELUKNAGA,TANGERANG,TANGERANG,DU,10,70
D-TGR-225,TELUKNAGA,TANGERANG,TANGERANG,DU,10,70
M-TGR-135,KARAWACI,KOTA TANGERANG,KOTA TANGERANG,AK,150,349,99995
M-TGR-135,KARAWACI,KOTA TANGERANG,PURWAKARTA,AK,150,349,99995
M-TGR-135,KARAWACI,KOTA TANGERANG,TANGERANG,AK,150,349,99995
M-TGR-135,KARAWACI,KOTA TANGERANG,PURWAKARTA,DU,200,466,6666
M-TGR-135,KARAWACI,KOTA TANGERANG,KOTA TANGERANG,DU,200,466,6666
M-TGR-135,KARAWACI,KOTA TANGERANG,TANGERANG,DU,200,466,6666
M-TGR-135,KARAWACI,KOTA TANGERANG,PURWAKARTA,LA,50,116,66665
M-TGR-135,KARAWACI,KOTA TANGERANG,KOTA TANGERANG,LA,50,116,66665
M-TGR-135,KARAWACI,KOTA TANGERANG,TANGERANG,LA,50,116,66665
M-JKT-113,KRAMAT JATI,JAKARTA TIMUR,BEKASI,BR,400,1200
M-JKT-113,KRAMAT JATI,JAKARTA TIMUR,KARAWANG,BR,400,1600
M-TGR-135,KARAWACI,KOTA TANGERANG,TANGERANG,AK,40,280
M-TGR-135,KARAWACI,KOTA TANGERANG,TANGERANG,DU,50,350
M-TGR-085,PERIUK,KOTA TANGERANG,TANGERANG,AK,10,70
M-TGR-085,PERIUK,KOTA TANGERANG,TANGERANG,AK,10,70
M-TGR-085,PERIUK,KOTA TANGERANG,TANGERANG,BR,100,700
M-JKT-196,MATRAMAN,JAKARTA TIMUR,CIANJUR,BR,2500,8750
M-JKT-196,MATRAMAN,JAKARTA TIMUR,SUKABUMI,BR,2500,8750
M-JKT-196,MATRAMAN,JAKARTA TIMUR,CIANJUR,BR,3000,21000
M-JKT-196,MATRAMAN,JAKARTA TIMUR,CIANJUR,BR,3000,21000
M-JKT-196,MATRAMAN,JAKARTA TIMUR,BANDUNG,BR,4000,28000
M-JKT-092,JATINEGARA,JAKARTA TIMUR,JAKARTA TIMUR,BR,100,100
M-BGR-013,KOTA BOGOR TENGAH,KOTA BOGOR,SUKABUMI,LA,300,600
D-BGR-259,TAJURHALANG,BOGOR,BOGOR,BR,700,4900
D-TGR-221,TELUKNAGA,TANGERANG,TANGERANG,AK,50,350
M-TGR-027,KARAWACI,KOTA TANGERANG,KOTA TANGERANG,AK,20,140
M-TGR-027,KARAWACI,KOTA TANGERANG,KOTA TANGERANG,DU,35,245
M-TGR-133,CIPONDOH,KOTA TANGERANG,SERANG,BR,1000,3500
M-TGR-133,CIPONDOH,KOTA TANGERANG,TANGERANG,BR,1000,3500
D-BGR-074,SUKAMAKMUR,BOGOR,BOGOR,AK,20,40
D-BGR-076,SUKAMAKMUR,BOGOR,,AK,20,60
D-BGR-073,SUKAMAKMUR,BOGOR,BOGOR,AK,10,10
D-BGR-303,JONGGOL,BOGOR,BOGOR,AK,50,350
D-BGR-303,JONGGOL,BOGOR,BOGOR,DU,50,350
D-BGR-062,TANJUNGSARI,BOGOR,BOGOR,AK,10,70
D-BGR-301,JONGGOL,BOGOR,BOGOR,AK,10,20
D-BGR-301,JONGGOL,BOGOR,BOGOR,AK,10,20
D-BGR-059,TANJUNGSARI,BOGOR,BOGOR,AK,10,70
D-BGR-299,JONGGOL,BOGOR,BOGOR,AK,150,1050
D-BGR-299,JONGGOL,BOGOR,BOGOR,DU,50,350
D-BKS-073,TARUMAJAYA,BEKASI,SUBANG,BR,700,4900
D-BKS-072,BABELAN,BEKASI,TANGERANG,BR,1000,7000
D-BGR-011,GUNUNG SINDUR,BOGOR,BOGOR,AK,2,0
D-BGR-296,JONGGOL,BOGOR,BOGOR,AK,35,105
D-BGR-005,PARUNG,BOGOR,CIANJUR,BR,3000,3000
D-BGR-005,PARUNG,BOGOR,BOGOR,BR,3000,18000
D-BGR-104,TAJURHALANG,BOGOR,KOTA DEPOK,BR,35,245
D-BGR-096,TAJURHALANG,BOGOR,KOTA DEPOK,BR,70,490
D-BGR-092,TAJURHALANG,BOGOR,BOGOR,AK,20,0
M-BKS-098,BEKASI BARAT,KOTA BEKASI,SUKABUMI,BR,2000,4666,666
M-BKS-098,BEKASI BARAT,KOTA BEKASI,KOTA BEKASI,BR,2000,4666,666
M-BKS-098,BEKASI BARAT,KOTA BEKASI,KARAWANG,BR,2000,4666,666
M-BKS-098,BEKASI BARAT,KOTA BEKASI,TASIKMALAYA,BR,2000,14000
M-BKS-098,BEKASI BARAT,KOTA BEKASI,SEMARANG,BR,2000,7000
M-BKS-098,BEKASI BARAT,KOTA BEKASI,TASIKMALAYA,BR,2000,7000
M-BKS-098,BEKASI BARAT,KOTA BEKASI,TASIKMALAYA,BR,2000,14000
M-JKU-069,PENJARINGAN,JAKARTA UTARA,TASIKMALAYA,BR,6000,42000
D-BKS-074,CIKARANG PUSAT,BEKASI,SUKABUMI,BR,2700,18900
M-BKS-002,JATISAMPURNA,KOTA BEKASI,BOGOR,BR,500,3500
D-BGR-253,JASINGA,BOGOR,BOGOR,BR,100,400
D-BGR-253,JASINGA,BOGOR,BOGOR,BR,100,300
D-BGR-253,JASINGA,BOGOR,BOGOR,BR,200,600
M-BKS-098,BEKASI BARAT,KOTA BEKASI,TASIKMALAYA,BR,2500,17500
M-JKS-104,KEBAYORAN LAMA,JAKARTA SELATAN,BOGOR,BR,1500,5250
M-JKS-104,KEBAYORAN LAMA,JAKARTA SELATAN,SUKABUMI,BR,1500,5250
M-BKS-103,BEKASI BARAT,KOTA BEKASI,TASIKMALAYA,BR,2000,4666,666
M-BKS-103,BEKASI BARAT,KOTA BEKASI,BANDUNG,BR,2000,4666,666
M-BKS-103,BEKASI BARAT,KOTA BEKASI,SUKABUMI,BR,2000,4666,666
D-BGR-296,JONGGOL,BOGOR,BOGOR,AK,10,20
D-BGR-301,JONGGOL,BOGOR,BOGOR,AK,10,20
D-BGR-301,JONGGOL,BOGOR,BOGOR,DU,5,10
M-BKS-091,BEKASI TIMUR,KOTA BEKASI,SUKABUMI,BR,1000,3500
M-BKS-091,BEKASI TIMUR,KOTA BEKASI,SUBANG,BR,1000,3500
M-BKS-091,BEKASI TIMUR,KOTA BEKASI,SUBANG,BR,1000,3500
M-BKS-091,BEKASI TIMUR,KOTA BEKASI,SUKABUMI,BR,1000,3500
